fill,chunk_kib,block_kib,codec,shuffle,level,id,repeat,warmup,utc,elapsed_s,throughput_in_gibs,compression_fold,input_gib,compressed_gib,wall_s,init_s,flush_s,chunks_per_epoch,total_chunks,worker_threads,memory_device_used_bytes,memory_estimate_total_bytes,memory_device_overhead_bytes,compress_total_ms
rand,1024,512,blosc-lz4,bit,3,rand__1024__512__blosc-lz4__bit,0,True,2026-09-06T00:13:39.331065+00:00,1.218354132026434,5.35588,1.48431,1.75781,1.32637,0.328202,0.233465,4.17e-07,288,2016,3,2715811840,2704475710,11336130,235.681
xor,1024,64,blosc-zstd,none,3,xor__1024__64__blosc-zstd__none,0,True,2026-09-06T00:13:42.635254+00:00,3.3040687665343285,2.34969,6.56168,1.75781,0.300037,0.748104,0.285418,1.86e-07,288,2016,3,4034199552,3566329221,467870331,659.731
rand,1024,256,blosc-lz4,bit,3,rand__1024__256__blosc-lz4__bit,0,True,2026-09-06T00:13:43.816719+00:00,1.1813360303640366,7.19268,1.48431,1.75781,1.32637,0.244389,0.223839,2.02e-07,288,2016,3,2734686208,2723373118,11313090,158.635
rand,256,256,blosc-zstd,byte,3,rand__256__256__blosc-zstd__byte,0,True,2026-09-06T00:13:45.689416+00:00,1.8725684490054846,2.27198,1.34241,1.75781,1.36182,0.773691,0.151643,1.75e-07,576,7488,3,2880765952,2414627333,466138619,708.464
xor,1024,512,blosc-lz4,bit,3,xor__1024__512__blosc-lz4__bit,0,True,2026-09-06T00:13:48.334255+00:00,2.6447109039872885,7.97334,21.6583,1.75781,0.0909004,0.220461,0.235947,3.86e-07,288,2016,3,2715811840,2704475710,11336130,139.41
rand,256,256,blosc-zstd,bit,3,rand__256__256__blosc-zstd__bit,0,True,2026-09-06T00:13:49.914024+00:00,1.5796411968767643,2.83763,1.38553,1.75781,1.31944,0.619464,0.149699,2.27e-07,576,7488,3,2880765952,2414627333,466138619,553.513
rand,1024,256,blosc-lz4,none,3,rand__1024__256__blosc-lz4__none,0,True,2026-09-06T00:13:51.087843+00:00,1.1736960802227259,7.69237,1.11927,1.75781,1.75896,0.228514,0.234629,2.32e-07,288,2016,3,2432696320,2421383230,11313090,139.536
xor,256,16,blosc-zstd,none,3,xor__256__16__blosc-zstd__none,0,True,2026-09-06T00:13:54.358115+00:00,3.2701468355953693,2.30516,5.42517,1.75781,0.336971,0.762556,0.167477,2.43e-07,576,7488,3,2436169728,1971525509,464644219,694.42
rand,256,32,blosc-lz4,byte,3,rand__256__32__blosc-lz4__byte,0,True,2026-09-06T00:13:55.816767+00:00,1.4585362691432238,3.30621,1.06348,1.75781,1.719,0.53167,0.162447,1.65e-07,576,7488,3,1639972864,1628270142,11702722,462.166
xor,256,32,blosc-zstd,bit,3,xor__256__32__blosc-zstd__bit,0,True,2026-09-06T00:13:58.748508+00:00,2.931600246578455,6.56028,95.4645,1.75781,0.0191498,0.267948,0.151253,2.81e-07,576,7488,3,2685730816,2219598725,466132091,170.431
xor,1024,16,blosc-lz4,byte,3,xor__1024__16__blosc-lz4__byte,0,True,2026-09-06T00:14:01.385646+00:00,2.6370156425982714,10.4007,3.59073,1.75781,0.548286,0.169009,0.22377,1.57e-07,288,2016,3,3300917248,3290433598,10483650,77.0745
rand,256,256,blosc-lz4,byte,3,rand__256__256__blosc-lz4__byte,0,True,2026-09-06T00:14:02.691864+00:00,1.3060908131301403,3.62007,1.10139,1.75781,1.65984,0.485574,0.148621,1.53e-07,576,7488,3,1507852288,1495956030,11896258,415.395
xor,1024,256,blosc-zstd,bit,3,xor__1024__256__blosc-zstd__bit,0,True,2026-09-06T00:14:05.777515+00:00,3.0855235662311316,6.1706,190.301,1.75781,0.0103455,0.284869,0.224546,1.53e-07,288,2016,3,4336189440,3868155525,468033915,203.733
rand,256,128,blosc-lz4,none,3,rand__256__128__blosc-lz4__none,0,True,2026-09-06T00:14:06.773957+00:00,0.9963165111839771,8.46087,1.03933,1.75781,1.75894,0.207758,0.165975,2.26e-07,576,7488,3,1375731712,1363863102,11868610,138.001
xor,256,64,blosc-lz4,bit,3,xor__256__64__blosc-lz4__bit,0,True,2026-09-06T00:14:09.502360+00:00,2.728276304900646,9.60035,2.53693,1.75781,0.720604,0.183099,0.146217,3.8e-07,576,7488,3,1564475392,1552662078,11813314,110.094
rand,1024,128,blosc-zstd,none,3,rand__1024__128__blosc-zstd__none,0,True,2026-09-06T00:14:11.631366+00:00,2.128879327327013,1.57573,1.30815,1.75781,1.50499,1.11555,0.243337,2.54e-07,288,2016,3,4034199552,3566223237,467976315,1025.77
rand,1024,256,blosc-lz4,byte,3,rand__1024__256__blosc-lz4__byte,0,True,2026-09-06T00:14:12.849715+00:00,1.21822539716959,5.20934,1.18885,1.75781,1.65601,0.337435,0.219284,2.19e-07,288,2016,3,2734686208,2723373118,11313090,248.668
rand,1024,16,blosc-zstd,bit,3,rand__1024__16__blosc-zstd__bit,0,True,2026-09-06T00:14:14.583429+00:00,1.7335708886384964,2.11538,1.48904,1.75781,1.32216,0.830968,0.218765,4.85e-07,288,2016,3,4044685312,3577084293,467601019,746.746
rand,256,128,blosc-zstd,bit,3,rand__256__128__blosc-zstd__bit,0,True,2026-09-06T00:14:16.363909+00:00,1.7803495097905397,2.25074,1.38553,1.75781,1.31944,0.780993,0.149348,1.69e-07,576,7488,3,2880765952,2414656133,466109819,716.019
rand,256,8,blosc-lz4,none,3,rand__256__8__blosc-lz4__none,0,True,2026-09-06T00:14:17.424256+00:00,1.060219645500183,8.80419,1.03921,1.75781,1.75915,0.199656,0.148999,1.42e-07,576,7488,3,1941962752,1930923582,11039170,129.067
rand,256,256,blosc-lz4,bit,3,rand__256__256__blosc-lz4__bit,0,True,2026-09-06T00:14:18.561166+00:00,1.1367807742208242,5.68213,1.37832,1.75781,1.32635,0.309358,0.150773,1.59e-07,576,7488,3,1507852288,1495956030,11896258,243.332
xor,256,128,blosc-zstd,bit,3,xor__256__128__blosc-zstd__bit,0,True,2026-09-06T00:14:21.323008+00:00,2.7617161367088556,4.80876,121.386,1.75781,0.0150604,0.365544,0.15727,4.68e-07,576,7488,3,2880765952,2414656133,466109819,282.629
xor,256,256,blosc-zstd,byte,3,xor__256__256__blosc-zstd__byte,0,True,2026-09-06T00:14:24.188917+00:00,2.86578000895679,4.23393,16.1821,1.75781,0.112972,0.415172,0.163571,1.8e-07,576,7488,3,2880765952,2414627333,466138619,347.3
rand,256,16,blosc-zstd,bit,3,rand__256__16__blosc-zstd__bit,0,True,2026-09-06T00:14:25.872926+00:00,1.683878868818283,2.09836,1.38229,1.75781,1.32253,0.837709,0.15507,2.33e-07,576,7488,3,2587164672,2122520453,464644219,772.944
xor,256,8,blosc-lz4,none,3,xor__256__8__blosc-lz4__none,0,True,2026-09-06T00:14:28.546441+00:00,2.673388035967946,9.65539,1.91453,1.75781,0.954868,0.182055,0.165237,5.07e-07,576,7488,3,1941962752,1930923582,11039170,107.313
rand,1024,32,blosc-lz4,byte,3,rand__1024__32__blosc-lz4__byte,0,True,2026-09-06T00:14:30.348233+00:00,1.8016618844121695,2.99999,1.14525,1.75781,1.71906,0.585939,0.215792,1.87e-07,288,2016,3,2998927360,2988001342,10926018,496.468
rand,1024,4,blosc-zstd,bit,3,rand__1024__4__blosc-zstd__bit,0,True,2026-09-06T00:14:32.404842+00:00,2.056484179571271,1.93507,1.47763,1.75781,1.33237,0.908399,0.221248,2.48e-07,288,2016,3,3977576448,3511429509,466146939,822.39
xor,1024,8,blosc-zstd,bit,3,xor__1024__8__blosc-zstd__bit,0,True,2026-09-06T00:14:35.267153+00:00,2.862182529643178,4.72206,52.0363,1.75781,0.0378342,0.372256,0.232296,1.53e-07,288,2016,3,3996450816,3530770821,465679995,290.643
rand,1024,128,blosc-lz4,byte,3,rand__1024__128__blosc-lz4__byte,0,True,2026-09-06T00:14:37.035980+00:00,1.7687044739723206,3.10691,1.17987,1.75781,1.66861,0.565775,0.236099,1.89e-07,288,2016,3,2772434944,2761177150,11257794,476.075
rand,256,4,blosc-zstd,byte,3,rand__256__4__blosc-zstd__byte,0,True,2026-09-06T00:14:38.945549+00:00,1.9094370063394308,1.60415,1.18497,1.75781,1.54276,1.09579,0.150061,2.05e-07,576,7488,3,2517958656,2053050245,464908411,1027.94
xor,256,16,blosc-lz4,bit,3,xor__256__16__blosc-lz4__bit,0,True,2026-09-06T00:14:41.616485+00:00,2.670819006860256,10.1167,2.40546,1.75781,0.759991,0.173753,0.179529,3.54e-07,576,7488,3,1790967808,1779486270,11481538,83.6481
xor,1024,1024,blosc-lz4,bit,3,xor__1024__1024__blosc-lz4__bit,0,True,2026-09-06T00:14:44.403346+00:00,2.786735923960805,8.07888,131.022,1.75781,0.0150261,0.217581,0.219556,2.81e-07,288,2016,3,2707423232,2695024702,12398530,139.125
rand,1024,64,blosc-zstd,byte,3,rand__1024__64__blosc-zstd__byte,0,True,2026-09-06T00:14:46.406261+00:00,2.0027848947793245,1.62988,1.32442,1.75781,1.4865,1.07849,0.218713,2.96e-07,288,2016,3,4336189440,3868319109,467870331,989.672
xor,1024,16,blosc-lz4,bit,3,xor__1024__16__blosc-lz4__bit,0,True,2026-09-06T00:14:49.014363+00:00,2.6079757567495108,9.95001,2.6904,1.75781,0.73177,0.176664,0.234854,1.5e-07,288,2016,3,3300917248,3290433598,10483650,82.2043
xor,1024,8,blosc-lz4,none,3,xor__1024__8__blosc-lz4__none,0,True,2026-09-06T00:14:51.920959+00:00,2.9064653534442186,8.63712,1.76662,1.75781,1.11441,0.203518,0.235714,2.4e-07,288,2016,3,3602907136,3593308222,9598914,107.376
xor,1024,128,blosc-lz4,byte,3,xor__1024__128__blosc-lz4__byte,0,True,2026-09-06T00:14:54.547799+00:00,2.6267081405967474,9.42462,4.43301,1.75781,0.444111,0.186513,0.221905,1.55e-07,288,2016,3,2772434944,2761177150,11257794,96.3035
rand,1024,8,blosc-zstd,bit,3,rand__1024__8__blosc-zstd__bit,0,True,2026-09-06T00:14:56.436616+00:00,1.8886877298355103,2.1107,1.48508,1.75781,1.32568,0.832809,0.219615,1.81e-07,288,2016,3,3996450816,3530770821,465679995,745.543
xor,256,128,blosc-lz4,none,3,xor__256__128__blosc-lz4__none,0,True,2026-09-06T00:14:59.122007+00:00,2.685266027227044,5.07071,2.1588,1.75781,0.846825,0.34666,0.149316,2.07e-07,576,7488,3,1375731712,1363863102,11868610,270.554
xor,256,16,blosc-lz4,none,3,xor__256__16__blosc-lz4__none,0,True,2026-09-06T00:15:01.687983+00:00,2.5658489037305117,9.29105,2.03103,1.75781,0.900097,0.189194,0.186611,3.67e-07,576,7488,3,1639972864,1628491326,11481538,115.093
xor,1024,64,blosc-lz4,none,3,xor__1024__64__blosc-lz4__none,0,True,2026-09-06T00:15:04.674445+00:00,2.986332666128874,7.69811,2.33428,1.75781,0.843407,0.228343,0.242758,3.1e-07,288,2016,3,2545942528,2534795326,11147202,135.328
xor,1024,16,blosc-lz4,none,3,xor__1024__16__blosc-lz4__none,0,True,2026-09-06T00:15:07.292275+00:00,2.617695279419422,8.55125,2.07115,1.75781,0.950558,0.205562,0.219863,2.44e-07,288,2016,3,2998927360,2988443710,10483650,112.904
xor,1024,1024,blosc-lz4,none,3,xor__1024__1024__blosc-lz4__none,0,True,2026-09-06T00:15:10.580257+00:00,3.287849009037018,1.98864,2.86397,1.75781,0.68742,0.883927,0.229191,1.5e-07,288,2016,3,2405433344,2393034814,12398530,795.092
rand,1024,32,blosc-zstd,byte,3,rand__1024__32__blosc-zstd__byte,0,True,2026-09-06T00:15:12.759121+00:00,2.178742764517665,1.57994,1.31732,1.75781,1.49451,1.11258,0.222014,1.63e-07,288,2016,3,4141154304,3673526661,467627643,1024.04
rand,1024,256,blosc-zstd,byte,3,rand__1024__256__blosc-zstd__byte,0,True,2026-09-06T00:15:14.903704+00:00,2.1444522961974144,1.69728,1.44589,1.75781,1.36162,1.03566,0.223072,1.38e-07,288,2016,3,4336189440,3868155525,468033915,949.028
rand,1024,128,blosc-zstd,byte,3,rand__1024__128__blosc-zstd__byte,0,True,2026-09-06T00:15:16.960719+00:00,2.056890547275543,1.53218,1.45104,1.75781,1.35679,1.14726,0.222887,1.78e-07,288,2016,3,4336189440,3868213125,467976315,1060.07
xor,1024,0,lz4,none,1,xor__1024__0__lz4__none,0,True,2026-09-06T00:15:20.545577+00:00,3.5847132951021194,2.00923,2.86413,1.75781,0.687382,0.874869,0.233121,1.63e-07,288,2016,3,2101346304,2094581566,6764738,787.33
xor,256,32,blosc-lz4,bit,3,xor__256__32__blosc-lz4__bit,0,True,2026-09-06T00:15:23.098515+00:00,2.552809352055192,9.90967,2.48679,1.75781,0.735134,0.177384,0.154022,4.47e-07,576,7488,3,1639972864,1628270142,11702722,100.139
rand,1024,512,blosc-zstd,byte,3,rand__1024__512__blosc-zstd__byte,0,True,2026-09-06T00:15:24.767569+00:00,1.668927501887083,2.33177,1.4424,1.75781,1.36491,0.753854,0.221323,1.62e-07,288,2016,3,4336189440,3868126725,468062715,668.097
xor,1024,512,blosc-zstd,none,3,xor__1024__512__blosc-zstd__none,0,True,2026-09-06T00:15:27.896912+00:00,3.129213033244014,3.28114,7.65153,1.75781,0.257301,0.535733,0.278235,1.95e-07,288,2016,3,4034199552,3566136837,468062715,452.059
xor,1024,0,zstd,none,0,xor__1024__0__zstd__none,0,True,2026-09-06T00:15:30.958525+00:00,3.0614821184426546,3.23755,7.70914,1.75781,0.255379,0.542945,0.239897,3.85e-07,288,2016,3,3730112512,3264159621,465952891,457.964
rand,1024,16,blosc-lz4,none,3,rand__1024__16__blosc-lz4__none,0,True,2026-09-06T00:15:32.391363+00:00,1.4327122550457716,3.32779,1.1191,1.75781,1.75923,0.528222,0.22316,1.44e-07,288,2016,3,2998927360,2988443710,10483650,432.908
rand,1024,0,zstd,none,0,rand__1024__0__zstd__none,0,True,2026-09-06T00:15:34.306099+00:00,1.9146031513810158,2.37348,1.30841,1.75781,1.50469,0.740606,0.222415,1.9e-07,288,2016,3,3730112512,3264159621,465952891,647.808
xor,1024,1024,blosc-zstd,bit,3,xor__1024__1024__blosc-zstd__bit,0,True,2026-09-06T00:15:37.283917+00:00,2.977690853178501,4.81907,360.654,1.75781,0.00545883,0.364762,0.253799,1.5e-07,288,2016,3,4336189440,3868112325,468077115,280.887
xor,1024,512,blosc-lz4,none,3,xor__1024__512__blosc-lz4__none,0,True,2026-09-06T00:15:40.399836+00:00,3.115793824195862,3.27301,2.81228,1.75781,0.700054,0.537063,0.23351,1.64e-07,288,2016,3,2413821952,2402485822,11336130,445.092
xor,1024,1024,blosc-lz4,byte,3,xor__1024__1024__blosc-lz4__byte,0,True,2026-09-06T00:15:43.498745+00:00,3.098776174709201,3.00836,4.82951,1.75781,0.40765,0.584309,0.221817,1.9e-07,288,2016,3,2707423232,2695024702,12398530,494.783
rand,1024,32,blosc-zstd,bit,3,rand__1024__32__blosc-zstd__bit,0,True,2026-09-06T00:15:45.352596+00:00,1.8537059091031551,2.18266,1.49085,1.75781,1.32056,0.805353,0.251586,5.17e-07,288,2016,3,4141154304,3673526661,467627643,717.628
rand,1024,64,blosc-lz4,byte,3,rand__1024__64__blosc-lz4__byte,0,True,2026-09-06T00:15:46.836626+00:00,1.4838968850672245,2.88493,1.16312,1.75781,1.69265,0.609309,0.234336,1.45e-07,288,2016,3,2847932416,2836785214,11147202,513.592
xor,1024,128,blosc-zstd,none,3,xor__1024__128__blosc-zstd__none,0,True,2026-09-06T00:15:50.409165+00:00,3.572390265762806,2.33111,7.1221,1.75781,0.276428,0.754068,0.227832,1.59e-07,288,2016,3,4034199552,3566223237,467976315,668.509
rand,1024,64,blosc-zstd,bit,3,rand__1024__64__blosc-zstd__bit,0,True,2026-09-06T00:15:52.172190+00:00,1.7628900222480297,2.10975,1.49193,1.75781,1.3196,0.833185,0.230879,1.5e-07,288,2016,3,4336189440,3868319109,467870331,748.451
rand,256,16,blosc-zstd,byte,3,rand__256__16__blosc-zstd__byte,0,True,2026-09-06T00:15:54.284903+00:00,2.1125807650387287,1.55582,1.21518,1.75781,1.50441,1.12983,0.14934,1.47e-07,576,7488,3,2587164672,2122520453,464644219,1061.12
xor,1024,4,blosc-lz4,byte,3,xor__1024__4__blosc-lz4__byte,0,True,2026-09-06T00:15:57.245919+00:00,2.9608856309205294,10.5865,2.44739,1.75781,0.804428,0.166044,0.218952,1.66e-07,288,2016,3,5114953728,5105027134,9926594,55.5996
xor,1024,16,blosc-zstd,none,3,xor__1024__16__blosc-zstd__none,0,True,2026-09-06T00:16:00.619844+00:00,3.3737951796501875,1.98189,4.86667,1.75781,0.404537,0.886939,0.229082,1.94e-07,288,2016,3,3742695424,3275094405,467601019,800.287
xor,1024,256,blosc-lz4,none,3,xor__1024__256__blosc-lz4__none,0,True,2026-09-06T00:16:03.506691+00:00,2.8867198042571545,5.0172,2.70367,1.75781,0.728176,0.350358,0.234864,2.35e-07,288,2016,3,2432696320,2421383230,11313090,258.811
xor,1024,128,blosc-zstd,bit,3,xor__1024__128__blosc-zstd__bit,0,True,2026-09-06T00:16:06.475378+00:00,2.9685420505702496,6.56939,136.859,1.75781,0.0143852,0.267576,0.264041,3.05e-07,288,2016,3,4336189440,3868213125,467976315,184.976
rand,256,256,blosc-zstd,none,3,rand__256__256__blosc-zstd__none,0,True,2026-09-06T00:16:07.966537+00:00,1.4910260178148746,2.77351,1.21446,1.75781,1.5053,0.633787,0.178412,3.68e-07,576,7488,3,2729771008,2263632389,466138619,561.077
rand,256,16,blosc-lz4,none,3,rand__256__16__blosc-lz4__none,0,True,2026-09-06T00:16:09.276909+00:00,1.3102437630295753,3.66034,1.03927,1.75781,1.75904,0.480232,0.153767,1.51e-07,576,7488,3,1639972864,1628491326,11481538,410.137
xor,1024,32,blosc-zstd,none,3,xor__1024__32__blosc-zstd__none,0,True,2026-09-06T00:16:12.691584+00:00,3.414542621001601,2.00385,5.81451,1.75781,0.338593,0.877215,0.25773,2.86e-07,288,2016,3,3839164416,3371536773,467627643,791.199
xor,256,8,blosc-lz4,byte,3,xor__256__8__blosc-lz4__byte,0,True,2026-09-06T00:16:15.234760+00:00,2.5430538915097713,10.5771,3.27963,1.75781,0.557419,0.16619,0.180482,2.45e-07,576,7488,3,2092957696,2081918526,11039170,65.5087
rand,256,4,blosc-zstd,none,3,rand__256__4__blosc-zstd__none,0,True,2026-09-06T00:16:17.473043+00:00,2.238162562251091,1.46202,1.1906,1.75781,1.53546,1.20232,0.147796,1.52e-07,576,7488,3,2366963712,1902055301,464908411,1134.39
xor,256,4,blosc-zstd,byte,3,xor__256__4__blosc-zstd__byte,0,True,2026-09-06T00:16:20.578282+00:00,3.104953572154045,2.85787,5.01462,1.75781,0.364559,0.615078,0.152799,1.54e-07,576,7488,3,2517958656,2053050245,464908411,542.927
rand,1024,16,blosc-lz4,byte,3,rand__1024__16__blosc-lz4__byte,0,True,2026-09-06T00:16:22.281828+00:00,1.7034223433583975,3.21671,1.13063,1.75781,1.74128,0.546462,0.234198,1.52e-07,288,2016,3,3300917248,3290433598,10483650,453.366
rand,256,64,blosc-zstd,none,3,rand__256__64__blosc-zstd__none,0,True,2026-09-06T00:16:24.280133+00:00,1.9981725085526705,1.6367,1.2143,1.75781,1.5055,1.074,0.181088,2.62e-07,576,7488,3,2729771008,2263714181,466056827,1002.72
xor,1024,4,blosc-zstd,byte,3,xor__1024__4__blosc-zstd__byte,0,True,2026-09-06T00:16:27.496977+00:00,3.2167129069566727,2.50914,3.55035,1.75781,0.554523,0.700563,0.238559,1.9e-07,288,2016,3,3977576448,3511429509,466146939,605.733
rand,256,64,blosc-lz4,byte,3,rand__256__64__blosc-lz4__byte,0,True,2026-09-06T00:16:28.739181+00:00,1.2420766688883305,3.84066,1.0801,1.75781,1.69256,0.457685,0.155104,2.91e-07,576,7488,3,1564475392,1552662078,11813314,387.506
xor,1024,256,blosc-lz4,byte,3,xor__1024__256__blosc-lz4__byte,0,True,2026-09-06T00:16:31.436834+00:00,2.6975324265658855,7.07221,4.49346,1.75781,0.438137,0.248552,0.227984,1.54e-07,288,2016,3,2734686208,2723373118,11313090,162.655
rand,256,8,blosc-zstd,byte,3,rand__256__8__blosc-zstd__byte,0,True,2026-09-06T00:16:33.569377+00:00,2.1324149668216705,1.49429,1.20419,1.75781,1.51814,1.17635,0.148343,1.7e-07,576,7488,3,2538930176,2074935173,463995003,1108.26
xor,1024,512,blosc-lz4,byte,3,xor__1024__512__blosc-lz4__byte,0,True,2026-09-06T00:16:36.519705+00:00,2.9501975513994694,4.78372,4.6285,1.75781,0.425354,0.367457,0.22237,2.11e-07,288,2016,3,2715811840,2704475710,11336130,279.826
xor,1024,32,blosc-zstd,byte,3,xor__1024__32__blosc-zstd__byte,0,True,2026-09-06T00:16:39.753305+00:00,3.2334505897015333,2.77346,10.571,1.75781,0.186241,0.633797,0.23261,3.27e-07,288,2016,3,4141154304,3673526661,467627643,547.923
rand,1024,4,blosc-zstd,byte,3,rand__1024__4__blosc-zstd__byte,0,True,2026-09-06T00:16:41.978209+00:00,2.2247697580605745,1.59108,1.27585,1.75781,1.54309,1.10479,0.229726,1.87e-07,288,2016,3,3977576448,3511429509,466146939,1014.64
rand,256,128,blosc-lz4,bit,3,rand__256__128__blosc-lz4__bit,0,True,2026-09-06T00:16:42.950649+00:00,0.9723156336694956,8.91051,1.37811,1.75781,1.32655,0.197274,0.168155,2.23e-07,576,7488,3,1526726656,1514858046,11868610,129.806
rand,256,0,lz4,none,1,rand__256__0__lz4__none,0,True,2026-09-06T00:16:44.163594+00:00,1.212813377380371,5.90711,1.03574,1.75781,1.76504,0.297576,0.148076,1.59e-07,576,7488,3,1203765248,1195703358,8061890,230.519
rand,256,128,blosc-lz4,byte,3,rand__256__128__blosc-lz4__byte,0,True,2026-09-06T00:16:45.254993+00:00,1.0912744589149952,5.9385,1.09566,1.75781,1.66852,0.296003,0.147316,2.36e-07,576,7488,3,1526726656,1514858046,11868610,227.199
xor,256,128,blosc-zstd,byte,3,xor__256__128__blosc-zstd__byte,0,True,2026-09-06T00:16:48.288464+00:00,3.033339638262987,5.02789,15.1082,1.75781,0.121002,0.349613,0.171071,1.59e-07,576,7488,3,2880765952,2414656133,466109819,282.18
rand,1024,128,blosc-lz4,bit,3,rand__1024__128__blosc-lz4__bit,0,True,2026-09-06T00:16:49.566137+00:00,1.2775396313518286,4.229,1.48396,1.75781,1.32669,0.415657,0.227202,1.77e-07,288,2016,3,2772434944,2761177150,11257794,329.137
rand,256,64,blosc-zstd,byte,3,rand__256__64__blosc-zstd__byte,0,True,2026-09-06T00:16:51.518143+00:00,1.9518729373812675,1.56294,1.22949,1.75781,1.4869,1.12468,0.148777,3.27e-07,576,7488,3,2880765952,2414709125,466056827,1057.95
rand,1024,64,blosc-zstd,none,3,rand__1024__64__blosc-zstd__none,0,True,2026-09-06T00:16:53.520989+00:00,2.002713916823268,1.57991,1.30812,1.75781,1.50503,1.1126,0.218898,2.12e-07,288,2016,3,4034199552,3566329221,467870331,1023.94
rand,1024,1024,blosc-lz4,byte,3,rand__1024__1024__blosc-lz4__byte,0,True,2026-09-06T00:16:55.295332+00:00,1.7742195557802916,2.07639,1.19395,1.75781,1.64893,0.84657,0.216418,2.7e-07,288,2016,3,2707423232,2695024702,12398530,758.474
rand,1024,8,blosc-zstd,byte,3,rand__1024__8__blosc-zstd__byte,0,True,2026-09-06T00:16:57.506413+00:00,2.210952429100871,1.49051,1.29675,1.75781,1.51822,1.17934,0.220266,1.42e-07,288,2016,3,3996450816,3530770821,465679995,1087.6
xor,1024,512,blosc-zstd,bit,3,xor__1024__512__blosc-zstd__bit,0,True,2026-09-06T00:17:00.488577+00:00,2.9820266384631395,5.30834,244.364,1.75781,0.00805664,0.331142,0.223162,2.05e-07,288,2016,3,4336189440,3868126725,468062715,246.629
rand,1024,256,blosc-zstd,none,3,rand__1024__256__blosc-zstd__none,0,True,2026-09-06T00:17:02.455996+00:00,1.9672878421843052,1.69946,1.30815,1.75781,1.50499,1.03433,0.224215,2.67e-07,288,2016,3,4034199552,3566165637,468033915,942.163
rand,1024,4,blosc-lz4,byte,3,rand__1024__4__blosc-lz4__byte,0,True,2026-09-06T00:17:03.568805+00:00,1.1126781851053238,10.0454,1.1186,1.75781,1.76001,0.174986,0.230622,1.52e-07,288,2016,3,5114953728,5105027134,9926594,78.7996
rand,256,4,blosc-lz4,bit,3,rand__256__4__blosc-lz4__bit,0,True,2026-09-06T00:17:04.509896+00:00,0.9409587271511555,10.8558,1.37021,1.75781,1.33419,0.161924,0.15371,2.67e-07,576,7488,3,2696937472,2686783038,10154434,60.4582
rand,256,8,blosc-lz4,bit,3,rand__256__8__blosc-lz4__bit,0,True,2026-09-06T00:17:05.626611+00:00,1.1165837962180376,10.798,1.37389,1.75781,1.33062,0.16279,0.150476,3.2e-07,576,7488,3,2092957696,2081918526,11039170,88.8197
rand,1024,128,blosc-lz4,none,3,rand__1024__128__blosc-lz4__none,0,True,2026-09-06T00:17:07.050730+00:00,1.4239923637360334,3.6154,1.11927,1.75781,1.75896,0.486202,0.221176,2.48e-07,288,2016,3,2470445056,2459187262,11257794,395.023
xor,1024,32,blosc-zstd,bit,3,xor__1024__32__blosc-zstd__bit,0,True,2026-09-06T00:17:10.138939+00:00,3.0880621057003736,6.89563,106.653,1.75781,0.0184593,0.254917,0.249253,2.05e-07,288,2016,3,4141154304,3673526661,467627643,154.348
rand,256,16,blosc-lz4,byte,3,rand__256__16__blosc-lz4__byte,0,True,2026-09-06T00:17:11.509377+00:00,1.3703011460602283,3.44395,1.04998,1.75781,1.7411,0.510406,0.17851,3.16e-07,576,7488,3,1790967808,1779486270,11481538,438.678
rand,256,4,blosc-lz4,byte,3,rand__256__4__blosc-lz4__byte,0,True,2026-09-06T00:17:12.460535+00:00,0.9510308112949133,9.82778,1.03908,1.75781,1.75938,0.178862,0.164527,1.55e-07,576,7488,3,2696937472,2686783038,10154434,76.8301
rand,256,16,blosc-lz4,bit,3,rand__256__16__blosc-lz4__bit,0,True,2026-09-06T00:17:13.748133+00:00,1.2874702420085669,4.76432,1.37613,1.75781,1.32845,0.368953,0.148172,2.02e-07,576,7488,3,1790967808,1779486270,11481538,303.177
rand,256,32,blosc-zstd,none,3,rand__256__32__blosc-zstd__none,0,True,2026-09-06T00:17:15.935811+00:00,2.187550824135542,1.61807,1.21314,1.75781,1.50694,1.08636,0.148056,2.4e-07,576,7488,3,2534735872,2068603781,466132091,1017.01
rand,1024,64,blosc-lz4,none,3,rand__1024__64__blosc-lz4__none,0,True,2026-09-06T00:17:17.385918+00:00,1.4499770198017359,3.07009,1.11924,1.75781,1.759,0.572561,0.222004,3.28e-07,288,2016,3,2545942528,2534795326,11147202,477.503
xor,1024,1024,blosc-zstd,byte,3,xor__1024__1024__blosc-zstd__byte,0,True,2026-09-06T00:17:20.573392+00:00,3.187341859564185,3.44824,16.0552,1.75781,0.122623,0.509771,0.217117,3.28e-07,288,2016,3,4336189440,3868112325,468077115,426.791
xor,1024,8,blosc-lz4,bit,3,xor__1024__8__blosc-lz4__bit,0,True,2026-09-06T00:17:23.339963+00:00,2.7664386685937643,10.3557,2.79932,1.75781,0.703297,0.169744,0.222181,1.59e-07,288,2016,3,3904897024,3895298110,9598914,73.7518
rand,256,64,blosc-zstd,bit,3,rand__256__64__blosc-zstd__bit,0,True,2026-09-06T00:17:25.115215+00:00,1.7751225922256708,1.93877,1.38508,1.75781,1.31987,0.906664,0.155945,1.63e-07,576,7488,3,2880765952,2414709125,466056827,839.047
rand,1024,256,blosc-zstd,bit,3,rand__1024__256__blosc-zstd__bit,0,True,2026-09-06T00:17:27.215103+00:00,2.099761424586177,2.08793,1.49261,1.75781,1.319,0.841893,0.2428,2.26e-07,288,2016,3,4336189440,3868155525,468033915,756.781
xor,256,256,blosc-lz4,none,3,xor__256__256__blosc-lz4__none,0,True,2026-09-06T00:17:30.231922+00:00,3.016696197912097,3.06616,2.17014,1.75781,0.8424,0.573294,0.158847,3.59e-07,576,7488,3,1356857344,1344961086,11896258,499.088
rand,1024,1024,blosc-zstd,bit,3,rand__1024__1024__blosc-zstd__bit,0,True,2026-09-06T00:17:31.718026+00:00,1.4859767407178879,3.15456,1.49292,1.75781,1.31873,0.55723,0.237455,1.4e-07,288,2016,3,4336189440,3868112325,468077115,473.183
xor,256,8,blosc-zstd,byte,3,xor__256__8__blosc-zstd__byte,0,True,2026-09-06T00:17:34.750385+00:00,3.032233590260148,3.39372,7.20606,1.75781,0.253693,0.51796,0.157576,1.62e-07,576,7488,3,2538930176,2074935173,463995003,449.449
xor,1024,256,blosc-zstd,byte,3,xor__1024__256__blosc-zstd__byte,0,True,2026-09-06T00:17:37.695042+00:00,2.9445240646600723,4.20564,15.1985,1.75781,0.129536,0.417965,0.227092,5.17e-07,288,2016,3,4336189440,3868155525,468033915,336.539
xor,1024,256,blosc-lz4,bit,3,xor__1024__256__blosc-lz4__bit,0,True,2026-09-06T00:17:40.325336+00:00,2.6301611866801977,8.3607,10.0901,1.75781,0.195118,0.210247,0.221514,4.51e-07,288,2016,3,2734686208,2723373118,11313090,126.375
xor,256,8,blosc-zstd,none,3,xor__256__8__blosc-zstd__none,0,True,2026-09-06T00:17:43.631017+00:00,3.305548531934619,2.18542,4.59858,1.75781,0.397541,0.804338,0.170055,2.8e-07,576,7488,3,2387935232,1923940229,463995003,734.186
xor,1024,64,blosc-zstd,bit,3,xor__1024__64__blosc-zstd__bit,0,True,2026-09-06T00:17:46.525931+00:00,2.8947818484157324,6.95924,125.296,1.75781,0.0157127,0.252587,0.222104,2.21e-07,288,2016,3,4336189440,3868319109,467870331,155.106
rand,1024,1024,blosc-lz4,bit,3,rand__1024__1024__blosc-lz4__bit,0,True,2026-09-06T00:17:47.803757+00:00,1.277697192505002,4.30261,1.48431,1.75781,1.32637,0.408545,0.220543,1.72e-07,288,2016,3,2707423232,2695024702,12398530,321.877
xor,256,4,blosc-lz4,bit,3,xor__256__4__blosc-lz4__bit,0,True,2026-09-06T00:17:50.373000+00:00,2.5691103115677834,10.2799,2.50416,1.75781,0.730034,0.170996,0.168081,1.42e-07,576,7488,3,2696937472,2686783038,10154434,71.004
xor,256,4,blosc-lz4,byte,3,xor__256__4__blosc-lz4__byte,0,True,2026-09-06T00:17:52.997740+00:00,2.6246129237115383,10.9011,2.77142,1.75781,0.659634,0.161251,0.18713,1.42e-07,576,7488,3,2696937472,2686783038,10154434,59.7884
xor,1024,128,blosc-zstd,byte,3,xor__1024__128__blosc-zstd__byte,0,True,2026-09-06T00:17:56.173375+00:00,3.175505593419075,3.25457,14.2967,1.75781,0.137707,0.540105,0.227241,1.6e-07,288,2016,3,4336189440,3868213125,467976315,457.546
xor,1024,256,blosc-zstd,none,3,xor__1024__256__blosc-zstd__none,0,True,2026-09-06T00:17:59.404817+00:00,3.231311023235321,3.40561,7.44448,1.75781,0.264458,0.516151,0.222775,1.64e-07,288,2016,3,4034199552,3566165637,468033915,430.057
rand,256,8,blosc-lz4,byte,3,rand__256__8__blosc-lz4__byte,0,True,2026-09-06T00:18:00.494302+00:00,1.089351326227188,8.05438,1.04085,1.75781,1.75637,0.218243,0.151928,2.05e-07,576,7488,3,2092957696,2081918526,11039170,148.604
xor,256,4,blosc-lz4,none,3,xor__256__4__blosc-lz4__none,0,True,2026-09-06T00:18:03.021508+00:00,2.527073113247752,9.90086,1.6735,1.75781,1.0924,0.177541,0.157022,1.61e-07,576,7488,3,2545942528,2535788094,10154434,92.3835
xor,256,32,blosc-lz4,none,3,xor__256__32__blosc-lz4__none,0,True,2026-09-06T00:18:05.701039+00:00,2.6794099863618612,8.45284,2.07117,1.75781,0.882652,0.207955,0.151962,1.54e-07,576,7488,3,1488977920,1477275198,11702722,134.055
rand,1024,512,blosc-zstd,none,3,rand__1024__512__blosc-zstd__none,0,True,2026-09-06T00:18:07.505392+00:00,1.804223034530878,2.26949,1.30822,1.75781,1.50491,0.774541,0.221285,2.85e-07,288,2016,3,4034199552,3566136837,468062715,687.72
xor,1024,128,blosc-lz4,bit,3,xor__1024__128__blosc-lz4__bit,0,True,2026-09-06T00:18:10.149832+00:00,2.6443108543753624,8.80433,4.14385,1.75781,0.475101,0.199653,0.222808,2.32e-07,288,2016,3,2772434944,2761177150,11257794,111.17
xor,256,64,blosc-lz4,byte,3,xor__256__64__blosc-lz4__byte,0,True,2026-09-06T00:18:12.690764+00:00,2.540800914168358,10.0331,4.19496,1.75781,0.435791,0.175201,0.164249,1.71e-07,576,7488,3,1564475392,1552662078,11813314,82.1918
xor,1024,8,blosc-lz4,byte,3,xor__1024__8__blosc-lz4__byte,0,True,2026-09-06T00:18:15.511629+00:00,2.820729650557041,10.7291,3.00687,1.75781,0.654751,0.163836,0.255346,1.72e-07,288,2016,3,3904897024,3895298110,9598914,67.1227
rand,256,8,blosc-zstd,none,3,rand__256__8__blosc-zstd__none,0,True,2026-09-06T00:18:17.527995+00:00,2.01622236892581,1.72747,1.20496,1.75781,1.51717,1.01757,0.169126,1.4e-07,576,7488,3,2387935232,1923940229,463995003,949.037
rand,1024,512,blosc-lz4,byte,3,rand__1024__512__blosc-lz4__byte,0,True,2026-09-06T00:18:18.914874+00:00,1.3867592848837376,3.43728,1.19191,1.75781,1.65176,0.511397,0.227728,1.58e-07,288,2016,3,2715811840,2704475710,11336130,421.865
xor,256,32,blosc-zstd,byte,3,xor__256__32__blosc-zstd__byte,0,True,2026-09-06T00:18:21.941645+00:00,3.0266329757869244,3.65962,11.2075,1.75781,0.163116,0.480327,0.155742,1.5e-07,576,7488,3,2685730816,2219598725,466132091,410.226
rand,1024,8,blosc-zstd,none,3,rand__1024__8__blosc-zstd__none,0,True,2026-09-06T00:18:24.026319+00:00,2.0845472794026136,1.71274,1.29773,1.75781,1.51707,1.02632,0.24192,1.45e-07,288,2016,3,3694460928,3228780933,465679995,937.764
xor,256,128,blosc-lz4,byte,3,xor__256__128__blosc-lz4__byte,0,True,2026-09-06T00:18:26.614882+00:00,2.5884381718933582,7.92926,4.529,1.75781,0.403648,0.221687,0.154984,2.31e-07,576,7488,3,1526726656,1514858046,11868610,149.805
rand,256,32,blosc-lz4,none,3,rand__256__32__blosc-lz4__none,0,True,2026-09-06T00:18:27.877179+00:00,1.262170810252428,3.51076,1.03931,1.75781,1.75899,0.500693,0.148947,1.87e-07,576,7488,3,1488977920,1477275198,11702722,430.811
xor,1024,8,blosc-zstd,none,3,xor__1024__8__blosc-zstd__none,0,True,2026-09-06T00:18:31.218689+00:00,3.341376379132271,2.11153,3.96135,1.75781,0.49699,0.832484,0.23401,2.32e-07,288,2016,3,3694460928,3228780933,465679995,744.156
xor,256,16,blosc-zstd,byte,3,xor__256__16__blosc-zstd__byte,0,True,2026-09-06T00:18:34.180512+00:00,2.9616749100387096,3.7763,9.41461,1.75781,0.19418,0.465485,0.152793,1.49e-07,576,7488,3,2587164672,2122520453,464644219,400.346
xor,1024,32,blosc-lz4,none,3,xor__1024__32__blosc-lz4__none,0,True,2026-09-06T00:18:36.992313+00:00,2.8116708751767874,8.56143,2.2495,1.75781,0.875195,0.205318,0.23832,3.4e-07,288,2016,3,2696937472,2686011454,10926018,113.742
xor,1024,1024,blosc-zstd,none,3,xor__1024__1024__blosc-zstd__none,0,True,2026-09-06T00:18:40.303896+00:00,3.3114504162222147,2.5751,7.70845,1.75781,0.255402,0.68262,0.223977,5.59e-07,288,2016,3,4034199552,3566122437,468077115,598.609
xor,256,256,blosc-lz4,byte,3,xor__256__256__blosc-lz4__byte,0,True,2026-09-06T00:18:42.998314+00:00,2.6942889131605625,5.17642,4.59347,1.75781,0.397984,0.339581,0.153804,2.99e-07,576,7488,3,1507852288,1495956030,11896258,266.798
xor,1024,32,blosc-lz4,bit,3,xor__1024__32__blosc-lz4__bit,0,True,2026-09-06T00:18:45.630451+00:00,2.632010079920292,9.49362,2.64591,1.75781,0.744072,0.185157,0.235062,1.39e-07,288,2016,3,2998927360,2988001342,10926018,91.1846
rand,1024,32,blosc-lz4,bit,3,rand__1024__32__blosc-lz4__bit,0,True,2026-09-06T00:18:47.098224+00:00,1.4676567818969488,4.10018,1.48324,1.75781,1.32733,0.428716,0.222851,2.35e-07,288,2016,3,2998927360,2988001342,10926018,340.624
rand,1024,8,blosc-lz4,none,3,rand__1024__8__blosc-lz4__none,0,True,2026-09-06T00:18:48.321152+00:00,1.2227914240211248,7.84883,1.11892,1.75781,1.75951,0.223958,0.233235,1.94e-07,288,2016,3,3602907136,3593308222,9598914,128.672
rand,256,16,blosc-zstd,none,3,rand__256__16__blosc-zstd__none,0,True,2026-09-06T00:18:50.358108+00:00,2.036822523921728,1.65263,1.21089,1.75781,1.50974,1.06364,0.149083,1.98e-07,576,7488,3,2436169728,1971525509,464644219,994.107
xor,256,256,blosc-zstd,bit,3,xor__256__256__blosc-zstd__bit,0,True,2026-09-06T00:18:53.415035+00:00,3.056798916310072,5.49855,138.707,1.75781,0.0131798,0.319687,0.154191,2.02e-07,576,7488,3,2880765952,2414627333,466138619,249.777
xor,256,4,blosc-zstd,bit,3,xor__256__4__blosc-zstd__bit,0,True,2026-09-06T00:18:56.246901+00:00,2.8317344170063734,4.02535,32.105,1.75781,0.056942,0.436686,0.15292,2.08e-07,576,7488,3,2517958656,2053050245,464908411,365.053
rand,256,8,blosc-zstd,bit,3,rand__256__8__blosc-zstd__bit,0,True,2026-09-06T00:18:58.264666+00:00,2.0176338758319616,1.85859,1.37894,1.75781,1.32575,0.945779,0.149633,2.74e-07,576,7488,3,2538930176,2074935173,463995003,878.784
xor,1024,64,blosc-lz4,byte,3,xor__1024__64__blosc-lz4__byte,0,True,2026-09-06T00:19:00.943554+00:00,2.6787397731095552,9.52742,4.2538,1.75781,0.462822,0.1845,0.25187,1.52e-07,288,2016,3,2847932416,2836785214,11147202,93.9908
xor,256,256,blosc-zstd,none,3,xor__256__256__blosc-zstd__none,0,True,2026-09-06T00:19:04.011256+00:00,3.0675674099475145,3.29184,7.19481,1.75781,0.254089,0.53399,0.155399,1.5e-07,576,7488,3,2729771008,2263632389,466138619,462.095
xor,1024,64,blosc-lz4,bit,3,xor__1024__64__blosc-lz4__bit,0,True,2026-09-06T00:19:06.942978+00:00,2.9315945003181696,9.18192,2.73165,1.75781,0.720718,0.191443,0.223819,1.94e-07,288,2016,3,2847932416,2836785214,11147202,104.175
rand,1024,1024,blosc-zstd,byte,3,rand__1024__1024__blosc-zstd__byte,0,True,2026-09-06T00:19:08.679692+00:00,1.7365797962993383,2.21326,1.44037,1.75781,1.36684,0.794219,0.225991,2.62e-07,288,2016,3,4336189440,3868112325,468077115,709.655
rand,1024,16,blosc-zstd,byte,3,rand__1024__16__blosc-zstd__byte,0,True,2026-09-06T00:19:10.828111+00:00,2.148275451734662,1.73711,1.3089,1.75781,1.50412,1.01192,0.232411,3.35e-07,288,2016,3,4044685312,3577084293,467601019,923.337
xor,1024,4,blosc-zstd,none,3,xor__1024__4__blosc-zstd__none,0,True,2026-09-06T00:19:14.354369+00:00,3.526131499558687,1.75081,3.33253,1.75781,0.590767,1.004,0.230375,2.5e-07,288,2016,3,3675586560,3209439621,466146939,915.248
rand,256,4,blosc-zstd,bit,3,rand__256__4__blosc-zstd__bit,0,True,2026-09-06T00:19:16.147046+00:00,1.7925436049699783,1.95316,1.37249,1.75781,1.33198,0.899983,0.157349,2.79e-07,576,7488,3,2517958656,2053050245,464908411,829.366
xor,1024,8,blosc-zstd,byte,3,xor__1024__8__blosc-zstd__byte,0,True,2026-09-06T00:19:19.252098+00:00,3.1049239728599787,2.98402,5.34881,1.75781,0.368073,0.589075,0.239303,2.87e-07,288,2016,3,3996450816,3530770821,465679995,499.43
rand,256,128,blosc-zstd,byte,3,rand__256__128__blosc-zstd__byte,0,True,2026-09-06T00:19:21.147716+00:00,1.895483534783125,1.72697,1.347,1.75781,1.35718,1.01786,0.155457,2.27e-07,576,7488,3,2880765952,2414656133,466109819,948.971
xor,1024,512,blosc-zstd,byte,3,xor__1024__512__blosc-zstd__byte,0,True,2026-09-06T00:19:24.251800+00:00,3.103945102542639,4.35508,15.79,1.75781,0.124683,0.403623,0.242296,4.36e-07,288,2016,3,4336189440,3868126725,468062715,321.049
rand,1024,8,blosc-lz4,bit,3,rand__1024__8__blosc-lz4__bit,0,True,2026-09-06T00:19:25.410265+00:00,1.158336317166686,9.96293,1.47931,1.75781,1.33086,0.176435,0.226705,2.2e-07,288,2016,3,3904897024,3895298110,9598914,87.6912
rand,1024,512,blosc-zstd,bit,3,rand__1024__512__blosc-zstd__bit,0,True,2026-09-06T00:19:27.011191+00:00,1.6007878724485636,2.87631,1.49292,1.75781,1.31873,0.611134,0.250157,4.23e-07,288,2016,3,4336189440,3868126725,468062715,524.943
rand,1024,4,blosc-lz4,bit,3,rand__1024__4__blosc-lz4__bit,0,True,2026-09-06T00:19:28.217575+00:00,1.20625458098948,10.8692,1.47469,1.75781,1.33502,0.161725,0.217374,3.92e-07,288,2016,3,5114953728,5105027134,9926594,62.591
xor,1024,64,blosc-zstd,byte,3,xor__1024__64__blosc-zstd__byte,0,True,2026-09-06T00:19:31.281938+00:00,3.0642333831638098,3.3515,12.8953,1.75781,0.152672,0.524486,0.247336,1.95e-07,288,2016,3,4336189440,3868319109,467870331,441.298
xor,256,8,blosc-lz4,bit,3,xor__256__8__blosc-lz4__bit,0,True,2026-09-06T00:19:33.823525+00:00,2.541452554985881,10.626,2.4276,1.75781,0.753059,0.165425,0.172632,2.68e-07,576,7488,3,2092957696,2081918526,11039170,78.0699
xor,1024,4,blosc-zstd,bit,3,xor__1024__4__blosc-zstd__bit,0,True,2026-09-06T00:19:36.725377+00:00,2.901725923642516,5.26808,36.2122,1.75781,0.0543671,0.333672,0.23614,1.41e-07,288,2016,3,3977576448,3511429509,466146939,247.761
xor,256,16,blosc-lz4,byte,3,xor__256__16__blosc-lz4__byte,0,True,2026-09-06T00:19:39.354260+00:00,2.6287497635930777,11.1808,3.63556,1.75781,0.502846,0.157217,0.185,1.72e-07,576,7488,3,1790967808,1779486270,11481538,71.8823
rand,1024,4,blosc-zstd,none,3,rand__1024__4__blosc-zstd__none,0,True,2026-09-06T00:19:41.697645+00:00,2.3432547748088837,1.47912,1.28168,1.75781,1.53607,1.18842,0.217572,1.52e-07,288,2016,3,3675586560,3209439621,466146939,1091.63
rand,1024,1024,blosc-zstd,none,3,rand__1024__1024__blosc-zstd__none,0,True,2026-09-06T00:19:43.362111+00:00,1.6643321122974157,2.66717,1.30829,1.75781,1.50483,0.659055,0.226579,1.51e-07,288,2016,3,4034199552,3566122437,468077115,568.458
xor,256,8,blosc-zstd,bit,3,xor__256__8__blosc-zstd__bit,0,True,2026-09-06T00:19:46.224931+00:00,2.8626854717731476,6.54905,45.563,1.75781,0.040123,0.268407,0.18441,1.43e-07,576,7488,3,2538930176,2074935173,463995003,186.817
xor,256,64,blosc-zstd,byte,3,xor__256__64__blosc-zstd__byte,0,True,2026-09-06T00:19:49.079275+00:00,2.854214770719409,3.85478,13.6122,1.75781,0.1343,0.456008,0.15676,1.77e-07,576,7488,3,2880765952,2414709125,466056827,386.67
xor,256,128,blosc-lz4,bit,3,xor__256__128__blosc-lz4__bit,0,True,2026-09-06T00:19:51.946144+00:00,2.866744164377451,7.24361,3.79758,1.75781,0.481392,0.242671,0.161153,2.69e-07,576,7488,3,1526726656,1514858046,11868610,171.625
rand,256,64,blosc-lz4,bit,3,rand__256__64__blosc-lz4__bit,0,True,2026-09-06T00:19:53.050553+00:00,1.104274183511734,5.64136,1.37811,1.75781,1.32655,0.311594,0.179502,1.52e-07,576,7488,3,1564475392,1552662078,11813314,245.703
rand,1024,0,lz4,none,1,rand__1024__0__lz4__none,0,True,2026-09-06T00:19:54.665396+00:00,1.6147198006510735,3.58453,1.11529,1.75781,1.76523,0.490389,0.238473,2.54e-07,288,2016,3,2101346304,2094581566,6764738,402.697
rand,1024,8,blosc-lz4,byte,3,rand__1024__8__blosc-lz4__byte,0,True,2026-09-06T00:19:55.935699+00:00,1.270176550373435,7.37524,1.12061,1.75781,1.75685,0.23834,0.258313,1.59e-07,288,2016,3,3904897024,3895298110,9598914,145.251
xor,1024,4,blosc-lz4,bit,3,xor__1024__4__blosc-lz4__bit,0,True,2026-09-06T00:19:58.588307+00:00,2.652447635307908,10.2858,2.91099,1.75781,0.676315,0.170897,0.238003,2.25e-07,288,2016,3,5114953728,5105027134,9926594,69.0412
rand,256,0,zstd,none,0,rand__256__0__zstd__none,0,True,2026-09-06T00:20:00.073790+00:00,1.4853502754122019,2.79051,1.21453,1.75781,1.50521,0.629925,0.174327,4.91e-07,576,7488,3,2576678912,2112629381,464049531,562.166
xor,256,32,blosc-lz4,byte,3,xor__256__32__blosc-lz4__byte,0,True,2026-09-06T00:20:02.683829+00:00,2.609913485124707,10.2491,3.92315,1.75781,0.465984,0.171509,0.176038,2.26e-07,576,7488,3,1639972864,1628270142,11702722,83.4922
xor,1024,16,blosc-zstd,bit,3,xor__1024__16__blosc-zstd__bit,0,True,2026-09-06T00:20:05.832951+00:00,3.1489900052547455,6.87834,78.1727,1.75781,0.0251846,0.255558,0.219474,2.38e-07,288,2016,3,4044685312,3577084293,467601019,162.003
xor,256,0,zstd,none,0,xor__256__0__zstd__none,0,True,2026-09-06T00:20:09.131602+00:00,3.298524422571063,2.58221,7.19968,1.75781,0.253918,0.680739,0.179359,2.29e-07,576,7488,3,2576678912,2112629381,464049531,612.353
rand,1024,16,blosc-zstd,none,3,rand__1024__16__blosc-zstd__none,0,True,2026-09-06T00:20:11.136317+00:00,2.0045843478292227,1.76152,1.30418,1.75781,1.50957,0.997896,0.250754,2.77e-07,288,2016,3,3742695424,3275094405,467601019,910.22
rand,1024,32,blosc-zstd,none,3,rand__1024__32__blosc-zstd__none,0,True,2026-09-06T00:20:13.090876+00:00,1.954434558749199,1.73773,1.3068,1.75781,1.50655,1.01156,0.235718,4.19e-07,288,2016,3,3839164416,3371536773,467627643,923.049
rand,1024,16,blosc-lz4,bit,3,rand__1024__16__blosc-lz4__bit,0,True,2026-09-06T00:20:14.363840+00:00,1.2728318516165018,4.57764,1.48181,1.75781,1.32861,0.384,0.221105,2.87e-07,288,2016,3,3300917248,3290433598,10483650,297.779
xor,256,16,blosc-zstd,bit,3,xor__256__16__blosc-zstd__bit,0,True,2026-09-06T00:20:17.158143+00:00,2.7941746711730957,6.82842,73.1094,1.75781,0.0250053,0.257426,0.175411,2.27e-07,576,7488,3,2587164672,2122520453,464644219,166.125
rand,256,64,blosc-lz4,none,3,rand__256__64__blosc-lz4__none,0,True,2026-09-06T00:20:18.442346+00:00,1.2840789631009102,4.41885,1.03933,1.75781,1.75894,0.397798,0.188238,2.47e-07,576,7488,3,1413480448,1401667134,11813314,329.641
rand,256,128,blosc-zstd,none,3,rand__256__128__blosc-zstd__none,0,True,2026-09-06T00:20:20.257619+00:00,1.8151404913514853,1.77947,1.2144,1.75781,1.50537,0.987832,0.15767,1.51e-07,576,7488,3,2729771008,2263661189,466109819,920.292
xor,256,64,blosc-lz4,none,3,xor__256__64__blosc-lz4__none,0,True,2026-09-06T00:20:23.075124+00:00,2.8173731472343206,8.00018,2.14791,1.75781,0.851116,0.219722,0.152085,1.6e-07,576,7488,3,1413480448,1401667134,11813314,144.961
rand,1024,64,blosc-lz4,bit,3,rand__1024__64__blosc-lz4__bit,0,True,2026-09-06T00:20:24.444605+00:00,1.3693498950451612,3.84129,1.48365,1.75781,1.32697,0.457609,0.254016,3.85e-07,288,2016,3,2847932416,2836785214,11147202,372.271
rand,256,32,blosc-lz4,bit,3,rand__256__32__blosc-lz4__bit,0,True,2026-09-06T00:20:25.662649+00:00,1.2179141715168953,4.39343,1.37734,1.75781,1.32728,0.4001,0.152887,2.92e-07,576,7488,3,1639972864,1628270142,11702722,332.821
xor,1024,16,blosc-zstd,byte,3,xor__1024__16__blosc-zstd__byte,0,True,2026-09-06T00:20:28.935502+00:00,3.272715799510479,2.99968,7.91874,1.75781,0.248619,0.585999,0.233378,2.6e-07,288,2016,3,4044685312,3577084293,467601019,501.684
xor,256,4,blosc-zstd,none,3,xor__256__4__blosc-zstd__none,0,True,2026-09-06T00:20:32.352009+00:00,3.4163756500929594,1.75641,3.75262,1.75781,0.48716,1.0008,0.154833,1.45e-07,576,7488,3,2366963712,1902055301,464908411,929.225
rand,256,32,blosc-zstd,bit,3,rand__256__32__blosc-zstd__bit,0,True,2026-09-06T00:20:34.182558+00:00,1.8304195571690798,2.18347,1.38407,1.75781,1.32083,0.805055,0.155101,2.57e-07,576,7488,3,2685730816,2219598725,466132091,735.043
rand,256,4,blosc-lz4,none,3,rand__256__4__blosc-lz4__none,0,True,2026-09-06T00:20:35.174147+00:00,0.9914595354348421,9.93382,1.03908,1.75781,1.75938,0.176952,0.156781,1.71e-07,576,7488,3,2545942528,2535788094,10154434,69.6451
xor,1024,32,blosc-lz4,byte,3,xor__1024__32__blosc-lz4__byte,0,True,2026-09-06T00:20:37.883966+00:00,2.7096990160644054,10.3117,3.98582,1.75781,0.493938,0.170467,0.221658,3.28e-07,288,2016,3,2998927360,2988001342,10926018,77.5048
rand,256,256,blosc-lz4,none,3,rand__256__256__blosc-lz4__none,0,True,2026-09-06T00:20:39.120235+00:00,1.2361358534544706,5.67659,1.03917,1.75781,1.75921,0.30966,0.145887,2.93e-07,576,7488,3,1356857344,1344961086,11896258,237.947
rand,1024,32,blosc-lz4,none,3,rand__1024__32__blosc-lz4__none,0,True,2026-09-06T00:20:40.576830+00:00,1.4564634673297405,3.10159,1.11918,1.75781,1.75909,0.566745,0.22211,1.86e-07,288,2016,3,2696937472,2686011454,10926018,473.697
xor,1024,4,blosc-lz4,none,3,xor__1024__4__blosc-lz4__none,0,True,2026-09-06T00:20:43.443109+00:00,2.8661464117467403,9.227,1.46856,1.75781,1.3406,0.190507,0.250805,2.46e-07,288,2016,3,4812963840,4803037246,9926594,87.8303
xor,256,256,blosc-lz4,bit,3,xor__256__256__blosc-lz4__bit,0,True,2026-09-06T00:20:46.055673+00:00,2.612429643049836,7.19683,9.0188,1.75781,0.202702,0.244248,0.149461,3.36e-07,576,7488,3,1507852288,1495956030,11896258,176.52
rand,1024,1024,blosc-lz4,none,3,rand__1024__1024__blosc-lz4__none,0,True,2026-09-06T00:20:47.440791+00:00,1.3849775567650795,3.30967,1.11913,1.75781,1.75919,0.531114,0.214862,3.63e-07,288,2016,3,2405433344,2393034814,12398530,437.562
xor,256,128,blosc-zstd,none,3,xor__256__128__blosc-zstd__none,0,True,2026-09-06T00:20:50.531948+00:00,3.0910196471959352,3.51061,6.97572,1.75781,0.26207,0.500714,0.149443,2.94e-07,576,7488,3,2729771008,2263661189,466109819,430.26
rand,1024,128,blosc-zstd,bit,3,rand__1024__128__blosc-zstd__bit,0,True,2026-09-06T00:20:52.366658+00:00,1.8345768880099058,1.93682,1.49256,1.75781,1.31905,0.907576,0.219837,2.16e-07,288,2016,3,4336189440,3868213125,467976315,822.145
xor,256,64,blosc-zstd,bit,3,xor__256__64__blosc-zstd__bit,0,True,2026-09-06T00:20:55.083494+00:00,2.716694502159953,6.81991,112.232,1.75781,0.0162888,0.257747,0.175983,1.5e-07,576,7488,3,2880765952,2414709125,466056827,168.881
rand,256,32,blosc-zstd,byte,3,rand__256__32__blosc-zstd__byte,0,True,2026-09-06T00:20:57.206060+00:00,2.1224363315850496,1.53996,1.22284,1.75781,1.49498,1.14146,0.15265,2.72e-07,576,7488,3,2685730816,2219598725,466132091,1074.93
xor,256,32,blosc-zstd,none,3,xor__256__32__blosc-zstd__none,0,True,2026-09-06T00:21:00.510116+00:00,3.303917543962598,2.38114,6.0227,1.75781,0.303539,0.738222,0.154501,2.11e-07,576,7488,3,2534735872,2068603781,466132091,666.484
xor,256,0,lz4,none,1,xor__256__0__lz4__none,0,True,2026-09-06T00:21:03.586902+00:00,3.076658383011818,3.07297,2.17063,1.75781,0.842209,0.572024,0.151887,2.67e-07,576,7488,3,1203765248,1195703358,8061890,499.317
rand,1024,4,blosc-lz4,none,3,rand__1024__4__blosc-lz4__none,0,True,2026-09-06T00:21:04.759740+00:00,1.1727082766592503,10.5443,1.1186,1.75781,1.76001,0.166707,0.22287,1.54e-07,288,2016,3,4812963840,4803037246,9926594,70.6317
xor,1024,128,blosc-lz4,none,3,xor__1024__128__blosc-lz4__none,0,True,2026-09-06T00:21:07.446724+00:00,2.6868286095559597,7.17775,2.51361,1.75781,0.783237,0.244898,0.244141,1.82e-07,288,2016,3,2470445056,2459187262,11257794,148.647
xor,256,64,blosc-zstd,none,3,xor__256__64__blosc-zstd__none,0,True,2026-09-06T00:21:10.829584+00:00,3.382714219391346,2.36675,6.60527,1.75781,0.276768,0.742713,0.150054,2.36e-07,576,7488,3,2729771008,2263714181,466056827,673.237
rand,1024,512,blosc-lz4,none,3,rand__1024__512__blosc-lz4__none,0,True,2026-09-06T00:21:12.212746+00:00,1.3830338940024376,5.50268,1.1191,1.75781,1.75923,0.319447,0.277357,1.65e-07,288,2016,3,2413821952,2402485822,11336130,230.087
rand,256,0,zstd,none,0,rand__256__0__zstd__none,1,False,2026-09-06T00:21:13.679254+00:00,1.4663366805762053,2.816,1.21453,1.75781,1.50521,0.624223,0.168439,2.79e-07,576,7488,3,2576678912,2112629381,464049531,555.011
xor,256,16,blosc-zstd,none,3,xor__256__16__blosc-zstd__none,1,False,2026-09-06T00:21:16.844273+00:00,3.1648862790316343,2.32386,5.42517,1.75781,0.336971,0.756419,0.172262,1.88e-07,576,7488,3,2436169728,1971525509,464644219,686.156
xor,1024,32,blosc-zstd,byte,3,xor__1024__32__blosc-zstd__byte,1,False,2026-09-06T00:21:20.062126+00:00,3.2177187483757734,3.3424,10.571,1.75781,0.186241,0.525913,0.220532,3.43e-07,288,2016,3,4141154304,3673526661,467627643,442.432
rand,256,256,blosc-lz4,bit,3,rand__256__256__blosc-lz4__bit,1,False,2026-09-06T00:21:21.355307+00:00,1.293049044907093,5.70873,1.37832,1.75781,1.32635,0.307916,0.148635,2.01e-07,576,7488,3,1507852288,1495956030,11896258,242.691
rand,256,256,blosc-zstd,none,3,rand__256__256__blosc-zstd__none,1,False,2026-09-06T00:21:22.787029+00:00,1.4315846525132656,2.81265,1.21446,1.75781,1.5053,0.624966,0.147485,3.34e-07,576,7488,3,2729771008,2263632389,466138619,558.322
xor,256,32,blosc-lz4,bit,3,xor__256__32__blosc-lz4__bit,1,False,2026-09-06T00:21:25.459490+00:00,2.6723289657384157,10.0973,2.48679,1.75781,0.735134,0.174088,0.153412,2.4e-07,576,7488,3,1639972864,1628270142,11702722,102.303
rand,1024,256,blosc-zstd,none,3,rand__1024__256__blosc-zstd__none,1,False,2026-09-06T00:21:27.536319+00:00,2.076691823080182,1.764,1.30815,1.75781,1.50499,0.996491,0.22767,2.45e-07,288,2016,3,4034199552,3566165637,468033915,908.477
rand,256,256,blosc-lz4,none,3,rand__256__256__blosc-lz4__none,1,False,2026-09-06T00:21:28.713368+00:00,1.1769193969666958,5.69455,1.03917,1.75781,1.75921,0.308683,0.156541,1.57e-07,576,7488,3,1356857344,1344961086,11896258,238.007
xor,256,16,blosc-lz4,none,3,xor__256__16__blosc-lz4__none,1,False,2026-09-06T00:21:31.394385+00:00,2.680885273963213,9.30354,2.03103,1.75781,0.900097,0.18894,0.159935,2.46e-07,576,7488,3,1639972864,1628491326,11481538,114.483
rand,1024,16,blosc-lz4,bit,3,rand__1024__16__blosc-lz4__bit,1,False,2026-09-06T00:21:32.778791+00:00,1.384272314608097,4.5895,1.48181,1.75781,1.32861,0.383007,0.229165,2.41e-07,288,2016,3,3300917248,3290433598,10483650,298.111
xor,256,4,blosc-zstd,none,3,xor__256__4__blosc-zstd__none,1,False,2026-09-06T00:21:36.269075+00:00,3.4901590142399073,1.98782,3.75262,1.75781,0.48716,0.884293,0.154262,3.14e-07,576,7488,3,2366963712,1902055301,464908411,811.867
xor,1024,32,blosc-lz4,byte,3,xor__1024__32__blosc-lz4__byte,1,False,2026-09-06T00:21:38.922610+00:00,2.653401855379343,10.3776,3.98582,1.75781,0.493938,0.169386,0.227032,3.67e-07,288,2016,3,2998927360,2988001342,10926018,78.2268
rand,1024,16,blosc-zstd,none,3,rand__1024__16__blosc-zstd__none,1,False,2026-09-06T00:21:40.959930+00:00,2.037191031500697,1.72691,1.30418,1.75781,1.50957,1.01789,0.249235,2.22e-07,288,2016,3,3742695424,3275094405,467601019,929.218
xor,1024,8,blosc-lz4,byte,3,xor__1024__8__blosc-lz4__byte,1,False,2026-09-06T00:21:43.561438+00:00,2.6013776436448097,10.6958,3.00687,1.75781,0.654751,0.164347,0.223816,2.75e-07,288,2016,3,3904897024,3895298110,9598914,66.5898
xor,1024,128,blosc-lz4,none,3,xor__1024__128__blosc-lz4__none,1,False,2026-09-06T00:21:46.384575+00:00,2.823010191321373,7.2437,2.51361,1.75781,0.783237,0.242668,0.248286,1.81e-07,288,2016,3,2470445056,2459187262,11257794,148.529
xor,256,32,blosc-zstd,none,3,xor__256__32__blosc-zstd__none,1,False,2026-09-06T00:21:49.699867+00:00,3.315161483362317,2.13191,6.0227,1.75781,0.303539,0.824524,0.147545,2.32e-07,576,7488,3,2534735872,2068603781,466132091,751.932
xor,1024,64,blosc-lz4,bit,3,xor__1024__64__blosc-lz4__bit,1,False,2026-09-06T00:21:52.356198+00:00,2.656201299279928,9.04077,2.73165,1.75781,0.720718,0.194432,0.2215,1.59e-07,288,2016,3,2847932416,2836785214,11147202,104.511
xor,1024,8,blosc-zstd,bit,3,xor__1024__8__blosc-zstd__bit,1,False,2026-09-06T00:21:55.307437+00:00,2.95110434666276,4.28729,52.0363,1.75781,0.0378342,0.410005,0.215892,4.25e-07,288,2016,3,3996450816,3530770821,465679995,326.51
rand,256,256,blosc-zstd,bit,3,rand__256__256__blosc-zstd__bit,1,False,2026-09-06T00:21:57.041619+00:00,1.7340606935322285,2.79885,1.38553,1.75781,1.31944,0.628048,0.146434,2.12e-07,576,7488,3,2880765952,2414627333,466138619,561.498
rand,1024,8,blosc-lz4,byte,3,rand__1024__8__blosc-lz4__byte,1,False,2026-09-06T00:21:58.185462+00:00,1.1437122859060764,7.42518,1.12061,1.75781,1.75685,0.236737,0.214103,3.01e-07,288,2016,3,3904897024,3895298110,9598914,145.125
rand,1024,0,lz4,none,1,rand__1024__0__lz4__none,1,False,2026-09-06T00:21:59.554324+00:00,1.3687252402305603,3.73062,1.11529,1.75781,1.76523,0.471186,0.243188,1.55e-07,288,2016,3,2101346304,2094581566,6764738,381.115
rand,1024,128,blosc-lz4,byte,3,rand__1024__128__blosc-lz4__byte,1,False,2026-09-06T00:22:00.978755+00:00,1.4243125319480896,3.084,1.17987,1.75781,1.66861,0.569978,0.216596,1.9e-07,288,2016,3,2772434944,2761177150,11257794,478.54
rand,1024,256,blosc-lz4,none,3,rand__1024__256__blosc-lz4__none,1,False,2026-09-06T00:22:02.215529+00:00,1.2366310935467482,7.53302,1.11927,1.75781,1.75896,0.233348,0.219769,2.87e-07,288,2016,3,2432696320,2421383230,11313090,139.95
xor,1024,32,blosc-zstd,none,3,xor__1024__32__blosc-zstd__none,1,False,2026-09-06T00:22:05.465883+00:00,3.250223455950618,2.30412,5.81451,1.75781,0.338593,0.762899,0.235821,1.96e-07,288,2016,3,3839164416,3371536773,467627643,675.913
xor,1024,128,blosc-lz4,bit,3,xor__1024__128__blosc-lz4__bit,1,False,2026-09-06T00:22:08.408046+00:00,2.942030208185315,8.81186,4.14385,1.75781,0.475101,0.199483,0.260691,1.5e-07,288,2016,3,2772434944,2761177150,11257794,110.838
xor,1024,8,blosc-lz4,none,3,xor__1024__8__blosc-lz4__none,1,False,2026-09-06T00:22:11.076019+00:00,2.6678373403847218,8.53854,1.76662,1.75781,1.11441,0.205868,0.235214,1.59e-07,288,2016,3,3602907136,3593308222,9598914,108.11
rand,256,8,blosc-lz4,byte,3,rand__256__8__blosc-lz4__byte,1,False,2026-09-06T00:22:12.250759+00:00,1.1746138986200094,8.01524,1.04085,1.75781,1.75637,0.219309,0.146558,5.3e-07,576,7488,3,2092957696,2081918526,11039170,148.929
xor,256,8,blosc-zstd,none,3,xor__256__8__blosc-zstd__none,1,False,2026-09-06T00:22:15.534603+00:00,3.283709343522787,1.9496,4.59858,1.75781,0.397541,0.901625,0.153567,3.77e-07,576,7488,3,2387935232,1923940229,463995003,829.765
rand,1024,16,blosc-zstd,bit,3,rand__1024__16__blosc-zstd__bit,1,False,2026-09-06T00:22:17.387004+00:00,1.8522776998579502,1.89473,1.48904,1.75781,1.32216,0.927736,0.216952,2.68e-07,288,2016,3,4044685312,3577084293,467601019,838.591
rand,1024,128,blosc-zstd,byte,3,rand__1024__128__blosc-zstd__byte,1,False,2026-09-06T00:22:19.498760+00:00,2.111625513061881,1.45638,1.45104,1.75781,1.35679,1.20697,0.21962,1.6e-07,288,2016,3,4336189440,3868213125,467976315,1118.92
rand,256,64,blosc-lz4,byte,3,rand__256__64__blosc-lz4__byte,1,False,2026-09-06T00:22:20.887341+00:00,1.3884435184299946,3.82427,1.0801,1.75781,1.69256,0.459647,0.151343,1.87e-07,576,7488,3,1564475392,1552662078,11813314,389.185
rand,1024,1024,blosc-lz4,byte,3,rand__1024__1024__blosc-lz4__byte,1,False,2026-09-06T00:22:22.696923+00:00,1.8094571195542812,2.07116,1.19395,1.75781,1.64893,0.84871,0.222266,3.9e-07,288,2016,3,2707423232,2695024702,12398530,757.673
xor,1024,0,zstd,none,0,xor__1024__0__zstd__none,1,False,2026-09-06T00:22:25.870782+00:00,3.1737187448889017,3.16255,7.70914,1.75781,0.255379,0.555821,0.228467,2.11e-07,288,2016,3,3730112512,3264159621,465952891,469.715
rand,1024,64,blosc-zstd,none,3,rand__1024__64__blosc-zstd__none,1,False,2026-09-06T00:22:28.194849+00:00,2.3239282593131065,1.56046,1.30812,1.75781,1.50503,1.12647,0.230797,2.22e-07,288,2016,3,4034199552,3566329221,467870331,1037.2
rand,256,4,blosc-zstd,bit,3,rand__256__4__blosc-zstd__bit,1,False,2026-09-06T00:22:30.040529+00:00,1.8455512020736933,1.95463,1.37249,1.75781,1.33198,0.899305,0.167386,4.06e-07,576,7488,3,2517958656,2053050245,464908411,832.715
rand,1024,64,blosc-lz4,none,3,rand__1024__64__blosc-lz4__none,1,False,2026-09-06T00:22:31.506990+00:00,1.4663291051983833,3.08488,1.11924,1.75781,1.759,0.569816,0.23237,2.6e-07,288,2016,3,2545942528,2534795326,11147202,477.502
xor,256,64,blosc-zstd,byte,3,xor__256__64__blosc-zstd__byte,1,False,2026-09-06T00:22:34.538897+00:00,3.031774202361703,3.20871,13.6122,1.75781,0.1343,0.547825,0.162715,1.52e-07,576,7488,3,2880765952,2414709125,466056827,479.305
xor,1024,8,blosc-zstd,byte,3,xor__1024__8__blosc-zstd__byte,1,False,2026-09-06T00:22:37.824717+00:00,3.28568516112864,2.58724,5.34881,1.75781,0.368073,0.679415,0.22862,1.97e-07,288,2016,3,3996450816,3530770821,465679995,590.726
rand,1024,256,blosc-lz4,bit,3,rand__1024__256__blosc-lz4__bit,1,False,2026-09-06T00:22:39.101491+00:00,1.2766274772584438,6.96145,1.48431,1.75781,1.32637,0.252507,0.222402,2.52e-07,288,2016,3,2734686208,2723373118,11313090,158.832
xor,1024,4,blosc-zstd,none,3,xor__1024__4__blosc-zstd__none,1,False,2026-09-06T00:22:42.634466+00:00,3.5328415241092443,1.71082,3.33253,1.75781,0.590767,1.02747,0.236975,1.56e-07,288,2016,3,3675586560,3209439621,466146939,936.178
rand,256,128,blosc-lz4,none,3,rand__256__128__blosc-lz4__none,1,False,2026-09-06T00:22:43.785120+00:00,1.1505208741873503,8.3561,1.03933,1.75781,1.75894,0.210363,0.15659,2.84e-07,576,7488,3,1375731712,1363863102,11868610,138.095
xor,1024,512,blosc-zstd,bit,3,xor__1024__512__blosc-zstd__bit,1,False,2026-09-06T00:22:46.613810+00:00,2.8285583294928074,5.3619,244.364,1.75781,0.00805664,0.327834,0.23209,1.9e-07,288,2016,3,4336189440,3868126725,468062715,245.744
xor,256,4,blosc-zstd,byte,3,xor__256__4__blosc-zstd__byte,1,False,2026-09-06T00:22:49.713253+00:00,3.0993063040077686,2.84818,5.01462,1.75781,0.364559,0.61717,0.156766,1.51e-07,576,7488,3,2517958656,2053050245,464908411,543.869
xor,256,64,blosc-lz4,none,3,xor__256__64__blosc-lz4__none,1,False,2026-09-06T00:22:52.478951+00:00,2.765563501045108,7.91941,2.14791,1.75781,0.851116,0.221963,0.152888,3.24e-07,576,7488,3,1413480448,1401667134,11813314,145.025
xor,256,16,blosc-lz4,bit,3,xor__256__16__blosc-lz4__bit,1,False,2026-09-06T00:22:55.036955+00:00,2.5578725319355726,9.81358,2.40546,1.75781,0.759991,0.17912,0.156186,3.2e-07,576,7488,3,1790967808,1779486270,11481538,83.3011
xor,1024,64,blosc-zstd,byte,3,xor__1024__64__blosc-zstd__byte,1,False,2026-09-06T00:22:58.352065+00:00,3.3149786815047264,2.8881,12.8953,1.75781,0.152672,0.608639,0.229215,3.89e-07,288,2016,3,4336189440,3868319109,467870331,524.346
rand,256,4,blosc-lz4,bit,3,rand__256__4__blosc-lz4__bit,1,False,2026-09-06T00:22:59.312664+00:00,0.9604646936058998,10.7029,1.37021,1.75781,1.33419,0.164237,0.156329,1.96e-07,576,7488,3,2696937472,2686783038,10154434,60.2164
rand,1024,8,blosc-lz4,bit,3,rand__1024__8__blosc-lz4__bit,1,False,2026-09-06T00:23:00.522862+00:00,1.2100547663867474,10.1385,1.47931,1.75781,1.33086,0.173379,0.22578,1.66e-07,288,2016,3,3904897024,3895298110,9598914,87.4336
xor,1024,1024,blosc-lz4,byte,3,xor__1024__1024__blosc-lz4__byte,1,False,2026-09-06T00:23:03.574696+00:00,3.0517002269625664,3.05158,4.82951,1.75781,0.40765,0.576033,0.237928,1.75e-07,288,2016,3,2707423232,2695024702,12398530,487.917
rand,1024,128,blosc-zstd,none,3,rand__1024__128__blosc-zstd__none,1,False,2026-09-06T00:23:05.614032+00:00,2.0391878224909306,1.59152,1.30815,1.75781,1.50499,1.10449,0.224065,2.03e-07,288,2016,3,4034199552,3566223237,467976315,1016.1
xor,1024,1024,blosc-zstd,byte,3,xor__1024__1024__blosc-zstd__byte,1,False,2026-09-06T00:23:08.818422+00:00,3.204261591657996,3.00924,16.0552,1.75781,0.122623,0.584139,0.248223,1.6e-07,288,2016,3,4336189440,3868112325,468077115,500.357
rand,256,128,blosc-lz4,bit,3,rand__256__128__blosc-lz4__bit,1,False,2026-09-06T00:23:09.865257+00:00,1.046709893271327,8.94446,1.37811,1.75781,1.32655,0.196525,0.154388,2.11e-07,576,7488,3,1526726656,1514858046,11868610,129.329
xor,1024,32,blosc-lz4,none,3,xor__1024__32__blosc-lz4__none,1,False,2026-09-06T00:23:12.591101+00:00,2.7257102765142918,8.35428,2.2495,1.75781,0.875195,0.210409,0.251136,1.81e-07,288,2016,3,2696937472,2686011454,10926018,116.747
rand,256,128,blosc-zstd,bit,3,rand__256__128__blosc-zstd__bit,1,False,2026-09-06T00:23:14.454118+00:00,1.862886480987072,1.95863,1.38553,1.75781,1.31944,0.89747,0.147975,1.62e-07,576,7488,3,2880765952,2414656133,466109819,831.279
xor,1024,32,blosc-zstd,bit,3,xor__1024__32__blosc-zstd__bit,1,False,2026-09-06T00:23:17.231112+00:00,2.776864504441619,6.96201,106.653,1.75781,0.0184593,0.252486,0.228961,3.01e-07,288,2016,3,4141154304,3673526661,467627643,154.992
xor,1024,512,blosc-lz4,none,3,xor__1024__512__blosc-lz4__none,1,False,2026-09-06T00:23:20.330993+00:00,3.099748160690069,3.24907,2.81228,1.75781,0.700054,0.541019,0.255271,3.05e-07,288,2016,3,2413821952,2402485822,11336130,447.508
xor,256,32,blosc-zstd,byte,3,xor__256__32__blosc-zstd__byte,1,False,2026-09-06T00:23:23.403377+00:00,3.072255428880453,3.54351,11.2075,1.75781,0.163116,0.496066,0.16336,1.53e-07,576,7488,3,2685730816,2219598725,466132091,424.372
rand,1024,8,blosc-lz4,none,3,rand__1024__8__blosc-lz4__none,1,False,2026-09-06T00:23:24.637649+00:00,1.2341192811727524,7.94815,1.11892,1.75781,1.75951,0.22116,0.244176,1.54e-07,288,2016,3,3602907136,3593308222,9598914,128.868
rand,1024,1024,blosc-lz4,bit,3,rand__1024__1024__blosc-lz4__bit,1,False,2026-09-06T00:23:26.040494+00:00,1.40269760414958,4.30466,1.48431,1.75781,1.32637,0.408351,0.250256,3.36e-07,288,2016,3,2707423232,2695024702,12398530,322.044
rand,256,8,blosc-zstd,bit,3,rand__256__8__blosc-zstd__bit,1,False,2026-09-06T00:23:27.829172+00:00,1.788544587790966,2.03384,1.37894,1.75781,1.32575,0.864281,0.172975,2.61e-07,576,7488,3,2538930176,2074935173,463995003,794.661
rand,1024,16,blosc-zstd,byte,3,rand__1024__16__blosc-zstd__byte,1,False,2026-09-06T00:23:29.880274+00:00,2.0509829688817263,1.69627,1.3089,1.75781,1.50412,1.03628,0.222655,1.75e-07,288,2016,3,4044685312,3577084293,467601019,947.267
rand,256,128,blosc-zstd,byte,3,rand__256__128__blosc-zstd__byte,1,False,2026-09-06T00:23:31.835686+00:00,1.9552671797573566,1.67674,1.347,1.75781,1.35718,1.04835,0.152068,2.02e-07,576,7488,3,2880765952,2414656133,466109819,977.965
xor,256,256,blosc-zstd,byte,3,xor__256__256__blosc-zstd__byte,1,False,2026-09-06T00:23:34.928986+00:00,3.0931554939597845,4.47376,16.1821,1.75781,0.112972,0.392916,0.180902,2.26e-07,576,7488,3,2880765952,2414627333,466138619,322.378
rand,1024,64,blosc-lz4,bit,3,rand__1024__64__blosc-lz4__bit,1,False,2026-09-06T00:23:36.269526+00:00,1.3404106460511684,3.8245,1.48365,1.75781,1.32697,0.459619,0.230589,2.09e-07,288,2016,3,2847932416,2836785214,11147202,371.699
xor,256,256,blosc-lz4,byte,3,xor__256__256__blosc-lz4__byte,1,False,2026-09-06T00:23:38.942339+00:00,2.672672776505351,5.20229,4.59347,1.75781,0.397984,0.337892,0.157818,2.41e-07,576,7488,3,1507852288,1495956030,11896258,265.63
rand,1024,4,blosc-zstd,bit,3,rand__1024__4__blosc-zstd__bit,1,False,2026-09-06T00:23:40.986392+00:00,2.043926341459155,1.83878,1.47763,1.75781,1.33237,0.955968,0.227578,1.57e-07,288,2016,3,3977576448,3511429509,466146939,869.98
rand,1024,256,blosc-lz4,byte,3,rand__1024__256__blosc-lz4__byte,1,False,2026-09-06T00:23:42.330519+00:00,1.3439903743565083,5.20249,1.18885,1.75781,1.65601,0.337879,0.225463,3.5e-07,288,2016,3,2734686208,2723373118,11313090,248.281
xor,256,8,blosc-lz4,byte,3,xor__256__8__blosc-lz4__byte,1,False,2026-09-06T00:23:44.960950+00:00,2.63029957190156,10.3313,3.27963,1.75781,0.557419,0.170144,0.153337,2.81e-07,576,7488,3,2092957696,2081918526,11039170,65.3049
rand,256,4,blosc-zstd,byte,3,rand__256__4__blosc-zstd__byte,1,False,2026-09-06T00:23:47.321587+00:00,2.3605119585990906,1.43312,1.18497,1.75781,1.54276,1.22656,0.148827,1.86e-07,576,7488,3,2517958656,2053050245,464908411,1155.21
rand,256,32,blosc-zstd,byte,3,rand__256__32__blosc-zstd__byte,1,False,2026-09-06T00:23:49.261028+00:00,1.9393123462796211,1.69389,1.22284,1.75781,1.49498,1.03774,0.184372,4.85e-07,576,7488,3,2685730816,2219598725,466132091,968.525
rand,256,64,blosc-zstd,bit,3,rand__256__64__blosc-zstd__bit,1,False,2026-09-06T00:23:51.171926+00:00,1.910767676308751,1.90458,1.38508,1.75781,1.31987,0.922941,0.15279,2.38e-07,576,7488,3,2880765952,2414709125,466056827,855.828
rand,1024,128,blosc-zstd,bit,3,rand__1024__128__blosc-zstd__bit,1,False,2026-09-06T00:23:53.014508+00:00,1.8424506429582834,1.9279,1.49256,1.75781,1.31905,0.911778,0.222241,2.2e-07,288,2016,3,4336189440,3868213125,467976315,825.495
rand,256,4,blosc-zstd,none,3,rand__256__4__blosc-zstd__none,1,False,2026-09-06T00:23:54.939707+00:00,1.9250615164637566,1.60707,1.1906,1.75781,1.53546,1.0938,0.151907,2.85e-07,576,7488,3,2366963712,1902055301,464908411,1025.78
xor,256,256,blosc-lz4,bit,3,xor__256__256__blosc-lz4__bit,1,False,2026-09-06T00:23:57.549842+00:00,2.609986389055848,7.10758,9.0188,1.75781,0.202702,0.247315,0.176176,3.31e-07,576,7488,3,1507852288,1495956030,11896258,177.045
xor,1024,256,blosc-zstd,bit,3,xor__1024__256__blosc-zstd__bit,1,False,2026-09-06T00:24:00.423279+00:00,2.873311610892415,6.18401,190.301,1.75781,0.0103455,0.284251,0.218846,1.55e-07,288,2016,3,4336189440,3868155525,468033915,203.617
rand,1024,512,blosc-lz4,byte,3,rand__1024__512__blosc-lz4__byte,1,False,2026-09-06T00:24:01.802043+00:00,1.3786285016685724,3.40583,1.19191,1.75781,1.65176,0.516119,0.224358,1.59e-07,288,2016,3,2715811840,2704475710,11336130,421.643
xor,1024,16,blosc-lz4,byte,3,xor__1024__16__blosc-lz4__byte,1,False,2026-09-06T00:24:04.657253+00:00,2.855077290907502,10.3253,3.59073,1.75781,0.548286,0.170243,0.215371,2.67e-07,288,2016,3,3300917248,3290433598,10483650,77.0158
rand,256,8,blosc-lz4,bit,3,rand__256__8__blosc-lz4__bit,1,False,2026-09-06T00:24:05.619913+00:00,0.9625291489064693,10.6967,1.37389,1.75781,1.33062,0.164332,0.175185,2.61e-07,576,7488,3,2092957696,2081918526,11039170,88.738
rand,256,256,blosc-lz4,byte,3,rand__256__256__blosc-lz4__byte,1,False,2026-09-06T00:24:07.108211+00:00,1.488164970651269,3.61744,1.10139,1.75781,1.65984,0.485927,0.14858,2.14e-07,576,7488,3,1507852288,1495956030,11896258,415.449
xor,256,64,blosc-zstd,none,3,xor__256__64__blosc-zstd__none,1,False,2026-09-06T00:24:10.400506+00:00,3.292165894061327,2.38857,6.60527,1.75781,0.276768,0.735926,0.161901,1.53e-07,576,7488,3,2729771008,2263714181,466056827,665
xor,1024,16,blosc-zstd,none,3,xor__1024__16__blosc-zstd__none,1,False,2026-09-06T00:24:13.800663+00:00,3.400031702592969,2.01294,4.86667,1.75781,0.404537,0.873255,0.223668,1.51e-07,288,2016,3,3742695424,3275094405,467601019,786.733
xor,1024,256,blosc-zstd,byte,3,xor__1024__256__blosc-zstd__byte,1,False,2026-09-06T00:24:16.835588+00:00,3.034787595272064,4.17155,15.1985,1.75781,0.129536,0.421381,0.24137,1.64e-07,288,2016,3,4336189440,3868155525,468033915,337.708
xor,1024,512,blosc-zstd,none,3,xor__1024__512__blosc-zstd__none,1,False,2026-09-06T00:24:20.157813+00:00,3.3220882155001163,2.78539,7.65153,1.75781,0.257301,0.631083,0.236571,3.27e-07,288,2016,3,4034199552,3566136837,468062715,545.16
xor,1024,0,lz4,none,1,xor__1024__0__lz4__none,1,False,2026-09-06T00:24:23.519762+00:00,3.361828465014696,1.98863,2.86413,1.75781,0.687382,0.883933,0.228787,1.57e-07,288,2016,3,2101346304,2094581566,6764738,793.183
xor,1024,1024,blosc-zstd,bit,3,xor__1024__1024__blosc-zstd__bit,1,False,2026-09-06T00:24:26.573411+00:00,3.053507823497057,5.02727,360.654,1.75781,0.00545883,0.349655,0.227206,2.63e-07,288,2016,3,4336189440,3868112325,468077115,267.797
xor,256,128,blosc-lz4,none,3,xor__256__128__blosc-lz4__none,1,False,2026-09-06T00:24:29.282617+00:00,2.7090776450932026,5.05414,2.1588,1.75781,0.846825,0.347796,0.154314,2.7e-07,576,7488,3,1375731712,1363863102,11868610,271.811
rand,256,64,blosc-zstd,none,3,rand__256__64__blosc-zstd__none,1,False,2026-09-06T00:24:31.478918+00:00,2.1961704064160585,1.48794,1.2143,1.75781,1.5055,1.18137,0.154409,2.05e-07,576,7488,3,2729771008,2263714181,466056827,1114.67
xor,256,8,blosc-lz4,bit,3,xor__256__8__blosc-lz4__bit,1,False,2026-09-06T00:24:34.177219+00:00,2.698168944567442,10.4973,2.4276,1.75781,0.753059,0.167453,0.173685,4.59e-07,576,7488,3,2092957696,2081918526,11039170,77.2956
xor,256,64,blosc-lz4,byte,3,xor__256__64__blosc-lz4__byte,1,False,2026-09-06T00:24:36.887549+00:00,2.710201609879732,10.6703,4.19496,1.75781,0.435791,0.164739,0.153332,2.35e-07,576,7488,3,1564475392,1552662078,11813314,82.5167
xor,256,128,blosc-lz4,bit,3,xor__256__128__blosc-lz4__bit,1,False,2026-09-06T00:24:39.533455+00:00,2.6457855198532343,7.23876,3.79758,1.75781,0.481392,0.242833,0.154507,2.85e-07,576,7488,3,1526726656,1514858046,11868610,173.545
xor,1024,4,blosc-lz4,bit,3,xor__1024__4__blosc-lz4__bit,1,False,2026-09-06T00:24:42.138606+00:00,2.605020174756646,10.6908,2.91099,1.75781,0.676315,0.164424,0.226025,1.59e-07,288,2016,3,5114953728,5105027134,9926594,69.9303
rand,1024,8,blosc-zstd,bit,3,rand__1024__8__blosc-zstd__bit,1,False,2026-09-06T00:24:43.993704+00:00,1.8549698796123266,2.12171,1.48508,1.75781,1.32568,0.828488,0.214315,2.92e-07,288,2016,3,3996450816,3530770821,465679995,743.773
rand,256,32,blosc-lz4,byte,3,rand__256__32__blosc-lz4__byte,1,False,2026-09-06T00:24:45.333443+00:00,1.3395903035998344,3.29985,1.06348,1.75781,1.719,0.532695,0.159851,2.5e-07,576,7488,3,1639972864,1628270142,11702722,461.521
rand,1024,8,blosc-zstd,byte,3,rand__1024__8__blosc-zstd__byte,1,False,2026-09-06T00:24:47.271126+00:00,1.93754873983562,1.69906,1.29675,1.75781,1.51822,1.03458,0.221713,1.75e-07,288,2016,3,3996450816,3530770821,465679995,944.862
xor,256,16,blosc-lz4,byte,3,xor__256__16__blosc-lz4__byte,1,False,2026-09-06T00:24:49.994975+00:00,2.723719423636794,10.7781,3.63556,1.75781,0.502846,0.163091,0.148959,2.74e-07,576,7488,3,1790967808,1779486270,11481538,71.9599
xor,1024,256,blosc-lz4,bit,3,xor__1024__256__blosc-lz4__bit,1,False,2026-09-06T00:24:52.731538+00:00,2.736430384218693,8.40625,10.0901,1.75781,0.195118,0.209108,0.217617,3.27e-07,288,2016,3,2734686208,2723373118,11313090,126.095
rand,1024,512,blosc-zstd,byte,3,rand__1024__512__blosc-zstd__byte,1,False,2026-09-06T00:24:54.454691+00:00,1.7230169028043747,2.31976,1.4424,1.75781,1.36491,0.757756,0.222087,2.5e-07,288,2016,3,4336189440,3868126725,468062715,669.839
xor,1024,4,blosc-lz4,byte,3,xor__1024__4__blosc-lz4__byte,1,False,2026-09-06T00:24:57.194020+00:00,2.7391700204461813,10.785,2.44739,1.75781,0.804428,0.162986,0.22997,1.74e-07,288,2016,3,5114953728,5105027134,9926594,55.7949
rand,256,4,blosc-lz4,none,3,rand__256__4__blosc-lz4__none,1,False,2026-09-06T00:24:58.153461+00:00,0.9593046065419912,10.9564,1.03908,1.75781,1.75938,0.160437,0.171606,1.57e-07,576,7488,3,2545942528,2535788094,10154434,69.8902
rand,1024,512,blosc-zstd,none,3,rand__1024__512__blosc-zstd__none,1,False,2026-09-06T00:25:00.077673+00:00,1.924084160476923,2.27909,1.30822,1.75781,1.50491,0.771279,0.213767,3.76e-07,288,2016,3,4034199552,3566136837,468062715,676.633
xor,256,8,blosc-zstd,byte,3,xor__256__8__blosc-zstd__byte,1,False,2026-09-06T00:25:03.202387+00:00,3.124573852866888,3.01516,7.20606,1.75781,0.253693,0.582992,0.155983,1.82e-07,576,7488,3,2538930176,2074935173,463995003,513.581
xor,256,128,blosc-lz4,byte,3,xor__256__128__blosc-lz4__byte,1,False,2026-09-06T00:25:05.766732+00:00,2.5642130691558123,7.97127,4.529,1.75781,0.403648,0.220518,0.152386,2.83e-07,576,7488,3,1526726656,1514858046,11868610,149.836
rand,1024,32,blosc-lz4,byte,3,rand__1024__32__blosc-lz4__byte,1,False,2026-09-06T00:25:07.348936+00:00,1.5820540953427553,2.96784,1.14525,1.75781,1.71906,0.592286,0.222704,3.42e-07,288,2016,3,2998927360,2988001342,10926018,496.551
xor,256,64,blosc-lz4,bit,3,xor__256__64__blosc-lz4__bit,1,False,2026-09-06T00:25:09.966212+00:00,2.6171415634453297,9.50354,2.53693,1.75781,0.720604,0.184964,0.150874,2.48e-07,576,7488,3,1564475392,1552662078,11813314,110.869
rand,256,4,blosc-lz4,byte,3,rand__256__4__blosc-lz4__byte,1,False,2026-09-06T00:25:10.941455+00:00,0.9751110933721066,10.9322,1.03908,1.75781,1.75938,0.160792,0.167275,2.68e-07,576,7488,3,2696937472,2686783038,10154434,77.1892
xor,1024,128,blosc-zstd,bit,3,xor__1024__128__blosc-zstd__bit,1,False,2026-09-06T00:25:13.965171+00:00,3.0235825031995773,6.64471,136.859,1.75781,0.0143852,0.264543,0.216975,3.16e-07,288,2016,3,4336189440,3868213125,467976315,184.275
rand,1024,256,blosc-zstd,byte,3,rand__1024__256__blosc-zstd__byte,1,False,2026-09-06T00:25:15.922684+00:00,1.95738111063838,1.70161,1.44589,1.75781,1.36162,1.03303,0.22265,2.65e-07,288,2016,3,4336189440,3868155525,468033915,945.593
rand,1024,4,blosc-zstd,byte,3,rand__1024__4__blosc-zstd__byte,1,False,2026-09-06T00:25:17.982163+00:00,2.059346968308091,1.53348,1.27585,1.75781,1.54309,1.14629,0.219353,1.48e-07,288,2016,3,3977576448,3511429509,466146939,1058.85
rand,1024,512,blosc-zstd,bit,3,rand__1024__512__blosc-zstd__bit,1,False,2026-09-06T00:25:19.918584+00:00,1.9362894967198372,2.42425,1.49292,1.75781,1.31873,0.725095,0.220692,2.3e-07,288,2016,3,4336189440,3868126725,468062715,640.043
xor,1024,32,blosc-lz4,bit,3,xor__1024__32__blosc-lz4__bit,1,False,2026-09-06T00:25:22.531892+00:00,2.613179076462984,9.45542,2.64591,1.75781,0.744072,0.185905,0.229894,3.28e-07,288,2016,3,2998927360,2988001342,10926018,91.5929
xor,1024,512,blosc-zstd,byte,3,xor__1024__512__blosc-zstd__byte,1,False,2026-09-06T00:25:25.530825+00:00,2.99879701808095,4.41596,15.79,1.75781,0.124683,0.398059,0.24989,2.85e-07,288,2016,3,4336189440,3868126725,468062715,314.449
xor,1024,4,blosc-lz4,none,3,xor__1024__4__blosc-lz4__none,1,False,2026-09-06T00:25:28.173064+00:00,2.642100688070059,9.22241,1.46856,1.75781,1.3406,0.190602,0.235949,2.42e-07,288,2016,3,4812963840,4803037246,9926594,89.234
xor,256,8,blosc-zstd,bit,3,xor__256__8__blosc-zstd__bit,1,False,2026-09-06T00:25:31.125392+00:00,2.9521984700113535,6.68064,45.563,1.75781,0.040123,0.26312,0.152699,1.47e-07,576,7488,3,2538930176,2074935173,463995003,186.974
xor,1024,1024,blosc-zstd,none,3,xor__1024__1024__blosc-zstd__none,1,False,2026-09-06T00:25:34.351421+00:00,3.2258956357836723,2.74345,7.70845,1.75781,0.255402,0.64073,0.216162,2.32e-07,288,2016,3,4034199552,3566122437,468077115,555.176
rand,256,256,blosc-zstd,byte,3,rand__256__256__blosc-zstd__byte,1,False,2026-09-06T00:25:35.938593+00:00,1.5870411787182093,2.36413,1.34241,1.75781,1.36182,0.743535,0.17531,3.91e-07,576,7488,3,2880765952,2414627333,466138619,678.342
rand,256,32,blosc-lz4,none,3,rand__256__32__blosc-lz4__none,1,False,2026-09-06T00:25:37.332951+00:00,1.3942264132201672,3.50747,1.03931,1.75781,1.75899,0.501163,0.146762,2.36e-07,576,7488,3,1488977920,1477275198,11702722,430.265
xor,1024,128,blosc-zstd,none,3,xor__1024__128__blosc-zstd__none,1,False,2026-09-06T00:25:40.728076+00:00,3.394993668422103,2.02314,7.1221,1.75781,0.276428,0.868855,0.225745,1.95e-07,288,2016,3,4034199552,3566223237,467976315,785.491
rand,1024,64,blosc-zstd,bit,3,rand__1024__64__blosc-zstd__bit,1,False,2026-09-06T00:25:42.649553+00:00,1.9213451072573662,2.02634,1.49193,1.75781,1.3196,0.867481,0.226631,1.44e-07,288,2016,3,4336189440,3868319109,467870331,780.337
xor,256,32,blosc-lz4,byte,3,xor__256__32__blosc-lz4__byte,1,False,2026-09-06T00:25:45.180525+00:00,2.530834363773465,10.6236,3.92315,1.75781,0.465984,0.165463,0.156519,1.82e-07,576,7488,3,1639972864,1628270142,11702722,83.7147
rand,256,0,lz4,none,1,rand__256__0__lz4__none,1,False,2026-09-06T00:25:46.375690+00:00,1.1950339451432228,5.8507,1.03574,1.75781,1.76504,0.300445,0.151415,1.6e-07,576,7488,3,1203765248,1195703358,8061890,230.77
rand,1024,16,blosc-lz4,byte,3,rand__1024__16__blosc-lz4__byte,1,False,2026-09-06T00:25:47.851328+00:00,1.475497830659151,3.22326,1.13063,1.75781,1.74128,0.545352,0.223067,2.54e-07,288,2016,3,3300917248,3290433598,10483650,452.836
xor,1024,1024,blosc-lz4,bit,3,xor__1024__1024__blosc-lz4__bit,1,False,2026-09-06T00:25:50.551038+00:00,2.6995755042880774,7.84627,131.022,1.75781,0.0150261,0.224032,0.242433,2.25e-07,288,2016,3,2707423232,2695024702,12398530,139.474
rand,256,16,blosc-zstd,none,3,rand__256__16__blosc-zstd__none,1,False,2026-09-06T00:25:52.505368+00:00,1.9541954472661018,1.64834,1.21089,1.75781,1.50974,1.06641,0.152467,1.45e-07,576,7488,3,2436169728,1971525509,464644219,995.208
rand,256,16,blosc-lz4,none,3,rand__256__16__blosc-lz4__none,1,False,2026-09-06T00:25:53.909043+00:00,1.4035463314503431,3.64864,1.03927,1.75781,1.75904,0.481772,0.152484,2.49e-07,576,7488,3,1639972864,1628491326,11481538,410.227
rand,1024,32,blosc-zstd,bit,3,rand__1024__32__blosc-zstd__bit,1,False,2026-09-06T00:25:55.777109+00:00,1.8679304625838995,2.18992,1.49085,1.75781,1.32056,0.802682,0.277004,1.52e-07,288,2016,3,4141154304,3673526661,467627643,715.925
xor,1024,64,blosc-zstd,bit,3,xor__1024__64__blosc-zstd__bit,1,False,2026-09-06T00:25:58.823102+00:00,3.045858573168516,6.73861,125.296,1.75781,0.0157127,0.260857,0.219062,2.25e-07,288,2016,3,4336189440,3868319109,467870331,157.132
rand,1024,4,blosc-lz4,bit,3,rand__1024__4__blosc-lz4__bit,1,False,2026-09-06T00:26:00.069405+00:00,1.2461752519011497,10.7662,1.47469,1.75781,1.33502,0.163271,0.220165,3.35e-07,288,2016,3,5114953728,5105027134,9926594,63.0152
rand,1024,64,blosc-lz4,byte,3,rand__1024__64__blosc-lz4__byte,1,False,2026-09-06T00:26:01.554606+00:00,1.485067954286933,2.90572,1.16312,1.75781,1.69265,0.604948,0.247204,2.77e-07,288,2016,3,2847932416,2836785214,11147202,513.775
xor,256,256,blosc-zstd,none,3,xor__256__256__blosc-zstd__none,1,False,2026-09-06T00:26:04.580401+00:00,3.025653798133135,3.2864,7.19481,1.75781,0.254089,0.534874,0.179674,4.15e-07,576,7488,3,2729771008,2263632389,466138619,461.892
rand,1024,1024,blosc-zstd,bit,3,rand__1024__1024__blosc-zstd__bit,1,False,2026-09-06T00:26:06.051458+00:00,1.4709249064326286,3.13763,1.49292,1.75781,1.31873,0.560235,0.222787,1.96e-07,288,2016,3,4336189440,3868112325,468077115,473.026
xor,1024,1024,blosc-lz4,none,3,xor__1024__1024__blosc-lz4__none,1,False,2026-09-06T00:26:09.620958+00:00,3.5693753119558096,1.97019,2.86397,1.75781,0.68742,0.892207,0.235096,2.56e-07,288,2016,3,2405433344,2393034814,12398530,800.894
xor,1024,16,blosc-lz4,none,3,xor__1024__16__blosc-lz4__none,1,False,2026-09-06T00:26:12.298429+00:00,2.6773319765925407,8.33466,2.07115,1.75781,0.950558,0.210904,0.226512,2.37e-07,288,2016,3,2998927360,2988443710,10483650,111.187
rand,256,16,blosc-zstd,bit,3,rand__256__16__blosc-zstd__bit,1,False,2026-09-06T00:26:13.941632+00:00,1.6430792603641748,2.21369,1.38229,1.75781,1.32253,0.794064,0.182702,3.07e-07,576,7488,3,2587164672,2122520453,464644219,728.197
xor,1024,4,blosc-zstd,bit,3,xor__1024__4__blosc-zstd__bit,1,False,2026-09-06T00:26:16.953146+00:00,3.011373642832041,5.32242,36.2122,1.75781,0.0543671,0.330266,0.22216,1.82e-07,288,2016,3,3977576448,3511429509,466146939,248.581
xor,1024,128,blosc-zstd,byte,3,xor__1024__128__blosc-zstd__byte,1,False,2026-09-06T00:26:20.072970+00:00,3.1196845807135105,3.18369,14.2967,1.75781,0.137707,0.552131,0.247218,2.43e-07,288,2016,3,4336189440,3868213125,467976315,463.925
rand,256,128,blosc-zstd,none,3,rand__256__128__blosc-zstd__none,1,False,2026-09-06T00:26:21.991365+00:00,1.918261006474495,1.83897,1.2144,1.75781,1.50537,0.955865,0.154295,2.83e-07,576,7488,3,2729771008,2263661189,466109819,885.292
rand,256,64,blosc-lz4,none,3,rand__256__64__blosc-lz4__none,1,False,2026-09-06T00:26:23.164658+00:00,1.1731602512300014,4.45423,1.03933,1.75781,1.75894,0.394639,0.149893,2.19e-07,576,7488,3,1413480448,1401667134,11813314,325.489
xor,256,4,blosc-zstd,bit,3,xor__256__4__blosc-zstd__bit,1,False,2026-09-06T00:26:25.978054+00:00,2.8132526353001595,4.22457,32.105,1.75781,0.056942,0.416092,0.157491,2.84e-07,576,7488,3,2517958656,2053050245,464908411,345.989
xor,1024,64,blosc-zstd,none,3,xor__1024__64__blosc-zstd__none,1,False,2026-09-06T00:26:29.445568+00:00,3.4673872608691454,2.35486,6.56168,1.75781,0.300037,0.746461,0.225012,2.04e-07,288,2016,3,4034199552,3566329221,467870331,660.427
xor,256,256,blosc-zstd,bit,3,xor__256__256__blosc-zstd__bit,1,False,2026-09-06T00:26:32.240636+00:00,2.79493242315948,5.52054,138.707,1.75781,0.0131798,0.318413,0.156533,1.52e-07,576,7488,3,2880765952,2414627333,466138619,249.577
rand,1024,128,blosc-lz4,none,3,rand__1024__128__blosc-lz4__none,1,False,2026-09-06T00:26:33.589175+00:00,1.3483938090503216,3.61699,1.11927,1.75781,1.75896,0.485987,0.223247,3.82e-07,288,2016,3,2470445056,2459187262,11257794,393.951
xor,256,256,blosc-lz4,none,3,xor__256__256__blosc-lz4__none,1,False,2026-09-06T00:26:36.574122+00:00,2.984811631962657,3.05566,2.17014,1.75781,0.8424,0.575265,0.189193,2.27e-07,576,7488,3,1356857344,1344961086,11896258,499.334
xor,256,64,blosc-zstd,bit,3,xor__256__64__blosc-zstd__bit,1,False,2026-09-06T00:26:39.388509+00:00,2.8142524883151054,4.34359,112.232,1.75781,0.0162888,0.404691,0.157415,2.57e-07,576,7488,3,2880765952,2414709125,466056827,307.55
rand,1024,64,blosc-zstd,byte,3,rand__1024__64__blosc-zstd__byte,1,False,2026-09-06T00:26:41.697898+00:00,2.3092607837170362,1.47723,1.32442,1.75781,1.4865,1.18994,0.221292,3.35e-07,288,2016,3,4336189440,3868319109,467870331,1096.53
rand,1024,32,blosc-lz4,none,3,rand__1024__32__blosc-lz4__none,1,False,2026-09-06T00:26:43.320548+00:00,1.6225196402519941,3.09786,1.11918,1.75781,1.75909,0.567428,0.22955,2.66e-07,288,2016,3,2696937472,2686011454,10926018,474.654
rand,256,16,blosc-zstd,byte,3,rand__256__16__blosc-zstd__byte,1,False,2026-09-06T00:26:45.297964+00:00,1.9772780239582062,1.73945,1.21518,1.75781,1.50441,1.01056,0.174089,1.96e-07,576,7488,3,2587164672,2122520453,464644219,943.232
xor,1024,512,blosc-lz4,bit,3,xor__1024__512__blosc-lz4__bit,1,False,2026-09-06T00:26:47.970871+00:00,2.672774787992239,7.89027,21.6583,1.75781,0.0909004,0.222782,0.250599,1.98e-07,288,2016,3,2715811840,2704475710,11336130,139.055
xor,1024,64,blosc-lz4,byte,3,xor__1024__64__blosc-lz4__byte,1,False,2026-09-06T00:26:50.818984+00:00,2.8479775935411453,9.55841,4.2538,1.75781,0.462822,0.183902,0.224151,3.25e-07,288,2016,3,2847932416,2836785214,11147202,94.4447
rand,1024,4,blosc-zstd,none,3,rand__1024__4__blosc-zstd__none,1,False,2026-09-06T00:26:52.864505+00:00,2.045391349121928,1.59511,1.28168,1.75781,1.53607,1.102,0.241655,5.65e-07,288,2016,3,3675586560,3209439621,466146939,1008.15
xor,256,8,blosc-lz4,none,3,xor__256__8__blosc-lz4__none,1,False,2026-09-06T00:26:55.408462+00:00,2.543827850371599,9.47648,1.91453,1.75781,0.954868,0.185492,0.16387,1.57e-07,576,7488,3,1941962752,1930923582,11039170,106.774
rand,256,8,blosc-zstd,none,3,rand__256__8__blosc-zstd__none,1,False,2026-09-06T00:26:57.334304+00:00,1.9257092513144016,1.7227,1.20496,1.75781,1.51717,1.02038,0.148499,1.69e-07,576,7488,3,2387935232,1923940229,463995003,952.602
rand,256,32,blosc-lz4,bit,3,rand__256__32__blosc-lz4__bit,1,False,2026-09-06T00:26:58.534685+00:00,1.2002527844160795,4.40749,1.37734,1.75781,1.32728,0.398824,0.149076,2.65e-07,576,7488,3,1639972864,1628270142,11702722,332.782
rand,1024,4,blosc-lz4,none,3,rand__1024__4__blosc-lz4__none,1,False,2026-09-06T00:26:59.715100+00:00,1.1802757401019335,9.92916,1.1186,1.75781,1.76001,0.177035,0.244766,2.39e-07,288,2016,3,4812963840,4803037246,9926594,70.764
xor,1024,256,blosc-lz4,none,3,xor__1024__256__blosc-lz4__none,1,False,2026-09-06T00:27:02.494827+00:00,2.77959549985826,4.98354,2.70367,1.75781,0.728176,0.352724,0.221897,1.93e-07,288,2016,3,2432696320,2421383230,11313090,259.814
rand,256,128,blosc-lz4,byte,3,rand__256__128__blosc-lz4__byte,1,False,2026-09-06T00:27:03.647381+00:00,1.1524163708090782,5.90335,1.09566,1.75781,1.66852,0.297765,0.147145,3.55e-07,576,7488,3,1526726656,1514858046,11868610,227.711
xor,1024,256,blosc-lz4,byte,3,xor__1024__256__blosc-lz4__byte,1,False,2026-09-06T00:27:06.337869+00:00,2.6903535034507513,7.05043,4.49346,1.75781,0.438137,0.24932,0.234861,1.6e-07,288,2016,3,2734686208,2723373118,11313090,162.152
rand,256,16,blosc-lz4,byte,3,rand__256__16__blosc-lz4__byte,1,False,2026-09-06T00:27:07.878943+00:00,1.5409405399113894,3.46093,1.04998,1.75781,1.7411,0.507902,0.149124,1.46e-07,576,7488,3,1790967808,1779486270,11481538,438.762
rand,256,8,blosc-lz4,none,3,rand__256__8__blosc-lz4__none,1,False,2026-09-06T00:27:08.943044+00:00,1.0639700144529343,8.81285,1.03921,1.75781,1.75915,0.19946,0.171745,2.57e-07,576,7488,3,1941962752,1930923582,11039170,129.012
xor,256,128,blosc-zstd,bit,3,xor__256__128__blosc-zstd__bit,1,False,2026-09-06T00:27:11.885024+00:00,2.9418498799204826,6.54121,121.386,1.75781,0.0150604,0.268729,0.151704,2.17e-07,576,7488,3,2880765952,2414656133,466109819,185.798
xor,1024,512,blosc-lz4,byte,3,xor__1024__512__blosc-lz4__byte,1,False,2026-09-06T00:27:14.729408+00:00,2.844252871349454,4.68979,4.6285,1.75781,0.425354,0.374817,0.227029,2.21e-07,288,2016,3,2715811840,2704475710,11336130,287.659
rand,256,16,blosc-lz4,bit,3,rand__256__16__blosc-lz4__bit,1,False,2026-09-06T00:27:15.969182+00:00,1.2396391425281763,4.71855,1.37613,1.75781,1.32845,0.372532,0.152087,3.62e-07,576,7488,3,1790967808,1779486270,11481538,303.319
xor,1024,64,blosc-lz4,none,3,xor__1024__64__blosc-lz4__none,1,False,2026-09-06T00:27:18.884649+00:00,2.915333680808544,7.99113,2.33428,1.75781,0.843407,0.21997,0.220493,2.93e-07,288,2016,3,2545942528,2534795326,11147202,134.241
xor,256,4,blosc-lz4,byte,3,xor__256__4__blosc-lz4__byte,1,False,2026-09-06T00:27:21.408635+00:00,2.5238475780934095,10.8358,2.77142,1.75781,0.659634,0.162222,0.152339,6.33e-07,576,7488,3,2696937472,2686783038,10154434,59.7179
rand,1024,32,blosc-zstd,byte,3,rand__1024__32__blosc-zstd__byte,1,False,2026-09-06T00:27:23.410286+00:00,2.0015028063207865,1.70621,1.31732,1.75781,1.49451,1.03024,0.22928,2.92e-07,288,2016,3,4141154304,3673526661,467627643,941.163
xor,256,4,blosc-lz4,none,3,xor__256__4__blosc-lz4__none,1,False,2026-09-06T00:27:25.937577+00:00,2.5271569695323706,10.0414,1.6735,1.75781,1.0924,0.175057,0.157673,1.57e-07,576,7488,3,2545942528,2535788094,10154434,93.7426
rand,1024,1024,blosc-zstd,byte,3,rand__1024__1024__blosc-zstd__byte,1,False,2026-09-06T00:27:27.933882+00:00,1.9961716998368502,1.90537,1.44037,1.75781,1.36684,0.922558,0.216483,2.77e-07,288,2016,3,4336189440,3868112325,468077115,835.116
xor,256,32,blosc-lz4,none,3,xor__256__32__blosc-lz4__none,1,False,2026-09-06T00:27:30.513088+00:00,2.579073106870055,8.37642,2.07117,1.75781,0.882652,0.209853,0.153216,3.15e-07,576,7488,3,1488977920,1477275198,11702722,135.311
rand,256,64,blosc-lz4,bit,3,rand__256__64__blosc-lz4__bit,1,False,2026-09-06T00:27:31.620400+00:00,1.1071777269244194,5.61308,1.37811,1.75781,1.32655,0.313164,0.148674,2.63e-07,576,7488,3,1564475392,1552662078,11813314,247.979
xor,1024,128,blosc-lz4,byte,3,xor__1024__128__blosc-lz4__byte,1,False,2026-09-06T00:27:34.241717+00:00,2.6211910229176283,9.50544,4.43301,1.75781,0.444111,0.184927,0.223324,3.13e-07,288,2016,3,2772434944,2761177150,11257794,97.0901
rand,1024,1024,blosc-lz4,none,3,rand__1024__1024__blosc-lz4__none,1,False,2026-09-06T00:27:35.607826+00:00,1.3659689016640186,3.73932,1.11913,1.75781,1.75919,0.470089,0.220391,1.52e-07,288,2016,3,2405433344,2393034814,12398530,377.98
rand,1024,256,blosc-zstd,bit,3,rand__1024__256__blosc-zstd__bit,1,False,2026-09-06T00:27:37.598475+00:00,1.99052101559937,1.97163,1.49261,1.75781,1.319,0.891552,0.228984,1.59e-07,288,2016,3,4336189440,3868155525,468033915,805.247
rand,1024,16,blosc-lz4,none,3,rand__1024__16__blosc-lz4__none,1,False,2026-09-06T00:27:39.069375+00:00,1.4707687366753817,3.33649,1.1191,1.75781,1.75923,0.526845,0.218173,2.15e-07,288,2016,3,2998927360,2988443710,10483650,433.709
xor,1024,4,blosc-zstd,byte,3,xor__1024__4__blosc-zstd__byte,1,False,2026-09-06T00:27:42.531573+00:00,3.4620613250881433,2.05762,3.55035,1.75781,0.554523,0.854296,0.22202,3.32e-07,288,2016,3,3977576448,3511429509,466146939,763.605
rand,256,32,blosc-zstd,bit,3,rand__256__32__blosc-zstd__bit,1,False,2026-09-06T00:27:44.183573+00:00,1.651863094419241,2.19133,1.38407,1.75781,1.32083,0.802168,0.166298,3.24e-07,576,7488,3,2685730816,2219598725,466132091,735.043
xor,1024,16,blosc-zstd,byte,3,xor__1024__16__blosc-zstd__byte,1,False,2026-09-06T00:27:47.310220+00:00,3.1265130937099457,3.23683,7.91874,1.75781,0.248619,0.543065,0.221442,1.81e-07,288,2016,3,4044685312,3577084293,467601019,455.667
xor,256,32,blosc-zstd,bit,3,xor__256__32__blosc-zstd__bit,1,False,2026-09-06T00:27:50.107649+00:00,2.797287603840232,6.7408,95.4645,1.75781,0.0191498,0.260772,0.153041,2.14e-07,576,7488,3,2685730816,2219598725,466132091,161.49
rand,1024,8,blosc-zstd,none,3,rand__1024__8__blosc-zstd__none,1,False,2026-09-06T00:27:52.314701+00:00,2.2069085240364075,1.57511,1.29773,1.75781,1.51707,1.116,0.2148,2.25e-07,288,2016,3,3694460928,3228780933,465679995,1019.9
xor,256,4,blosc-lz4,bit,3,xor__256__4__blosc-lz4__bit,1,False,2026-09-06T00:27:55.005622+00:00,2.690767765045166,10.7039,2.50416,1.75781,0.730034,0.164221,0.15278,1.77e-07,576,7488,3,2696937472,2686783038,10154434,71.6333
xor,1024,8,blosc-lz4,bit,3,xor__1024__8__blosc-lz4__bit,1,False,2026-09-06T00:27:57.912255+00:00,2.9065062291920185,10.2671,2.79932,1.75781,0.703297,0.171208,0.220765,2.48e-07,288,2016,3,3904897024,3895298110,9598914,74.2199
xor,1024,16,blosc-lz4,bit,3,xor__1024__16__blosc-lz4__bit,1,False,2026-09-06T00:28:00.596562+00:00,2.6841765604913235,9.94747,2.6904,1.75781,0.73177,0.17671,0.241065,5.16e-07,288,2016,3,3300917248,3290433598,10483650,81.608
rand,1024,4,blosc-lz4,byte,3,rand__1024__4__blosc-lz4__byte,1,False,2026-09-06T00:28:01.814572+00:00,1.2178836315870285,10.0242,1.1186,1.75781,1.76001,0.175356,0.221182,1.59e-07,288,2016,3,5114953728,5105027134,9926594,78.7361
rand,1024,32,blosc-lz4,bit,3,rand__1024__32__blosc-lz4__bit,1,False,2026-09-06T00:28:03.127396+00:00,1.3126920647919178,4.11029,1.48324,1.75781,1.32733,0.427662,0.218349,2.8e-07,288,2016,3,2998927360,2988001342,10926018,339.176
xor,256,0,zstd,none,0,xor__256__0__zstd__none,1,False,2026-09-06T00:28:06.227272+00:00,3.099754862487316,3.23174,7.19968,1.75781,0.253918,0.543922,0.174003,4.65e-07,576,7488,3,2576678912,2112629381,464049531,471.826
xor,256,0,lz4,none,1,xor__256__0__lz4__none,1,False,2026-09-06T00:28:09.143243+00:00,2.9158415514975786,3.10098,2.17063,1.75781,0.842209,0.566857,0.151057,2.04e-07,576,7488,3,1203765248,1195703358,8061890,495.825
rand,1024,512,blosc-lz4,none,3,rand__1024__512__blosc-lz4__none,1,False,2026-09-06T00:28:10.419842+00:00,1.2764663398265839,5.56867,1.1191,1.75781,1.75923,0.315661,0.2308,1.73e-07,288,2016,3,2413821952,2402485822,11336130,224.559
xor,1024,8,blosc-zstd,none,3,xor__1024__8__blosc-zstd__none,1,False,2026-09-06T00:28:13.976586+00:00,3.556612528860569,2.08446,3.96135,1.75781,0.49699,0.843294,0.219307,1.54e-07,288,2016,3,3694460928,3228780933,465679995,754.788
xor,256,16,blosc-zstd,bit,3,xor__256__16__blosc-zstd__bit,1,False,2026-09-06T00:28:16.769102+00:00,2.792384883388877,5.14308,73.1094,1.75781,0.0250053,0.341782,0.160056,3.1e-07,576,7488,3,2587164672,2122520453,464644219,243.418
rand,1024,512,blosc-lz4,bit,3,rand__1024__512__blosc-lz4__bit,1,False,2026-09-06T00:28:18.292376+00:00,1.5231501627713442,5.43675,1.48431,1.75781,1.32637,0.323321,0.224493,2.64e-07,288,2016,3,2715811840,2704475710,11336130,235.465
xor,1024,16,blosc-zstd,bit,3,xor__1024__16__blosc-zstd__bit,1,False,2026-09-06T00:28:21.196521+00:00,2.904015753418207,5.04681,78.1727,1.75781,0.0251846,0.348301,0.228653,1.52e-07,288,2016,3,4044685312,3577084293,467601019,250.469
rand,1024,32,blosc-zstd,none,3,rand__1024__32__blosc-zstd__none,1,False,2026-09-06T00:28:23.406629+00:00,2.2099724505096674,1.59247,1.3068,1.75781,1.50655,1.10383,0.225566,3.21e-07,288,2016,3,3839164416,3371536773,467627643,1006.71
xor,1024,256,blosc-zstd,none,3,xor__1024__256__blosc-zstd__none,1,False,2026-09-06T00:28:26.557254+00:00,3.1504837162792683,3.40453,7.44448,1.75781,0.264458,0.516316,0.228291,3.4e-07,288,2016,3,4034199552,3566165637,468033915,428.948
rand,256,64,blosc-zstd,byte,3,rand__256__64__blosc-zstd__byte,1,False,2026-09-06T00:28:28.854932+00:00,2.2975405529141426,1.41374,1.22949,1.75781,1.4869,1.24338,0.1571,5.24e-07,576,7488,3,2880765952,2414709125,466056827,1172.72
rand,1024,1024,blosc-zstd,none,3,rand__1024__1024__blosc-zstd__none,1,False,2026-09-06T00:28:30.748881+00:00,1.8938143383711576,2.36839,1.30829,1.75781,1.50483,0.742196,0.223871,1.9e-07,288,2016,3,4034199552,3566122437,468077115,645.966
xor,256,128,blosc-zstd,none,3,xor__256__128__blosc-zstd__none,1,False,2026-09-06T00:28:33.905163+00:00,3.1561482828110456,2.71587,6.97572,1.75781,0.26207,0.647238,0.154835,1.5e-07,576,7488,3,2729771008,2263661189,466109819,576.319
xor,256,128,blosc-zstd,byte,3,xor__256__128__blosc-zstd__byte,1,False,2026-09-06T00:28:36.715061+00:00,2.8097684867680073,4.86494,15.1082,1.75781,0.121002,0.361323,0.156524,2.01e-07,576,7488,3,2880765952,2414656133,466109819,290.895
rand,1024,128,blosc-lz4,bit,3,rand__1024__128__blosc-lz4__bit,1,False,2026-09-06T00:28:38.279201+00:00,1.5640075244009495,4.26478,1.48396,1.75781,1.32669,0.412169,0.222128,2.01e-07,288,2016,3,2772434944,2761177150,11257794,326.958
rand,1024,0,zstd,none,0,rand__1024__0__zstd__none,1,False,2026-09-06T00:28:39.845586+00:00,1.5662533454596996,2.74563,1.30841,1.75781,1.50469,0.640223,0.238744,1.92e-07,288,2016,3,3730112512,3264159621,465952891,552.578
rand,256,32,blosc-zstd,none,3,rand__256__32__blosc-zstd__none,1,False,2026-09-06T00:28:41.982241+00:00,2.1365260053426027,1.5496,1.21314,1.75781,1.50694,1.13437,0.152349,1.62e-07,576,7488,3,2534735872,2068603781,466132091,1067.35
xor,256,16,blosc-zstd,byte,3,xor__256__16__blosc-zstd__byte,1,False,2026-09-06T00:28:45.036864+00:00,3.054490076377988,3.72251,9.41461,1.75781,0.19418,0.472211,0.184595,1.41e-07,576,7488,3,2587164672,2122520453,464644219,402.23
rand,256,8,blosc-zstd,byte,3,rand__256__8__blosc-zstd__byte,1,False,2026-09-06T00:28:46.923208+00:00,1.886210909113288,1.71021,1.20419,1.75781,1.51814,1.02783,0.155138,1.65e-07,576,7488,3,2538930176,2074935173,463995003,959.808
rand,1024,16,blosc-lz4,none,3,rand__1024__16__blosc-lz4__none,2,False,2026-09-06T00:28:48.317005+00:00,1.393628926947713,3.33871,1.1191,1.75781,1.75923,0.526495,0.221248,2.22e-07,288,2016,3,2998927360,2988443710,10483650,432.955
rand,1024,1024,blosc-zstd,none,3,rand__1024__1024__blosc-zstd__none,2,False,2026-09-06T00:28:50.264683+00:00,1.9475438222289085,2.24253,1.30829,1.75781,1.50483,0.783852,0.223541,1.56e-07,288,2016,3,4034199552,3566122437,468077115,689.775
rand,1024,4,blosc-lz4,none,3,rand__1024__4__blosc-lz4__none,2,False,2026-09-06T00:28:51.487912+00:00,1.2230880167335272,10.4077,1.1186,1.75781,1.76001,0.168896,0.224583,2.41e-07,288,2016,3,4812963840,4803037246,9926594,70.8513
xor,256,32,blosc-zstd,byte,3,xor__256__32__blosc-zstd__byte,2,False,2026-09-06T00:28:54.423891+00:00,2.9358440283685923,3.27622,11.2075,1.75781,0.163116,0.536537,0.155185,2.92e-07,576,7488,3,2685730816,2219598725,466132091,465.51
xor,1024,128,blosc-lz4,none,3,xor__1024__128__blosc-lz4__none,2,False,2026-09-06T00:28:57.379872+00:00,2.9558436013758183,7.503,2.51361,1.75781,0.783237,0.234281,0.224846,2.45e-07,288,2016,3,2470445056,2459187262,11257794,148.128
rand,1024,256,blosc-zstd,byte,3,rand__1024__256__blosc-zstd__byte,2,False,2026-09-06T00:28:59.386914+00:00,2.006910400465131,1.61643,1.44589,1.75781,1.36162,1.08747,0.230562,1.65e-07,288,2016,3,4336189440,3868155525,468033915,998.898
rand,1024,64,blosc-lz4,none,3,rand__1024__64__blosc-lz4__none,2,False,2026-09-06T00:29:01.020477+00:00,1.63343945145607,3.08521,1.11924,1.75781,1.759,0.569755,0.213942,2.94e-07,288,2016,3,2545942528,2534795326,11147202,478.044
xor,256,4,blosc-lz4,byte,3,xor__256__4__blosc-lz4__byte,2,False,2026-09-06T00:29:03.641447+00:00,2.6208347156643867,10.3678,2.77142,1.75781,0.659634,0.169545,0.147941,1.52e-07,576,7488,3,2696937472,2686783038,10154434,59.7632
xor,256,16,blosc-lz4,none,3,xor__256__16__blosc-lz4__none,2,False,2026-09-06T00:29:06.185958+00:00,2.544377403333783,9.18814,2.03103,1.75781,0.900097,0.191313,0.154047,3.06e-07,576,7488,3,1639972864,1628491326,11481538,114.889
xor,1024,1024,blosc-lz4,none,3,xor__1024__1024__blosc-lz4__none,2,False,2026-09-06T00:29:09.599948+00:00,3.413864780217409,1.97978,2.86397,1.75781,0.68742,0.887885,0.22772,2.27e-07,288,2016,3,2405433344,2393034814,12398530,796.699
rand,1024,4,blosc-zstd,byte,3,rand__1024__4__blosc-zstd__byte,2,False,2026-09-06T00:29:11.717115+00:00,2.1170339304953814,1.5839,1.27585,1.75781,1.54309,1.1098,0.23501,3.25e-07,288,2016,3,3977576448,3511429509,466146939,1017.48
rand,1024,0,lz4,none,1,rand__1024__0__lz4__none,2,False,2026-09-06T00:29:13.231535+00:00,1.514288378879428,3.63735,1.11529,1.75781,1.76523,0.483268,0.220538,2.57e-07,288,2016,3,2101346304,2094581566,6764738,394.977
xor,256,256,blosc-lz4,bit,3,xor__256__256__blosc-lz4__bit,2,False,2026-09-06T00:29:15.990301+00:00,2.7586333863437176,7.15108,9.0188,1.75781,0.202702,0.245811,0.147938,1.85e-07,576,7488,3,1507852288,1495956030,11896258,176.168
xor,1024,16,blosc-zstd,none,3,xor__1024__16__blosc-zstd__none,2,False,2026-09-06T00:29:19.249211+00:00,3.2587751615792513,2.25518,4.86667,1.75781,0.404537,0.779455,0.234434,1.74e-07,288,2016,3,3742695424,3275094405,467601019,693.78
rand,256,256,blosc-zstd,bit,3,rand__256__256__blosc-zstd__bit,2,False,2026-09-06T00:29:20.841352+00:00,1.5920040737837553,2.75702,1.38553,1.75781,1.31944,0.637576,0.152734,3.07e-07,576,7488,3,2880765952,2414627333,466138619,571.531
rand,1024,512,blosc-lz4,byte,3,rand__1024__512__blosc-lz4__byte,2,False,2026-09-06T00:29:22.379606+00:00,1.5381167382001877,3.42562,1.19191,1.75781,1.65176,0.513137,0.227191,1.53e-07,288,2016,3,2715811840,2704475710,11336130,421.779
xor,1024,4,blosc-zstd,bit,3,xor__1024__4__blosc-zstd__bit,2,False,2026-09-06T00:29:25.295712+00:00,2.9159748405218124,4.17144,36.2122,1.75781,0.0543671,0.421392,0.226418,4.46e-07,288,2016,3,3977576448,3511429509,466146939,340.544
rand,256,4,blosc-zstd,byte,3,rand__256__4__blosc-zstd__byte,2,False,2026-09-06T00:29:27.466586+00:00,2.170737735927105,1.43249,1.18497,1.75781,1.54276,1.2271,0.153775,3.59e-07,576,7488,3,2517958656,2053050245,464908411,1159.13
xor,1024,8,blosc-zstd,bit,3,xor__1024__8__blosc-zstd__bit,2,False,2026-09-06T00:29:30.323137+00:00,2.856419760733843,6.12651,52.0363,1.75781,0.0378342,0.286919,0.223653,3.1e-07,288,2016,3,3996450816,3530770821,465679995,209.971
xor,256,0,lz4,none,1,xor__256__0__lz4__none,2,False,2026-09-06T00:29:33.323097+00:00,2.9998230393975973,3.08545,2.17063,1.75781,0.842209,0.569711,0.186651,2.03e-07,576,7488,3,1203765248,1195703358,8061890,496.088
xor,1024,512,blosc-zstd,none,3,xor__1024__512__blosc-zstd__none,2,False,2026-09-06T00:29:36.387637+00:00,3.064407115802169,3.13622,7.65153,1.75781,0.257301,0.560488,0.232782,3.25e-07,288,2016,3,4034199552,3566136837,468062715,476.102
rand,1024,512,blosc-zstd,bit,3,rand__1024__512__blosc-zstd__bit,2,False,2026-09-06T00:29:38.258834+00:00,1.8710536900907755,2.44989,1.49292,1.75781,1.31873,0.717508,0.227412,1.58e-07,288,2016,3,4336189440,3868126725,468062715,633.219
rand,256,32,blosc-lz4,byte,3,rand__256__32__blosc-lz4__byte,2,False,2026-09-06T00:29:39.692924+00:00,1.4339533224701881,3.30634,1.06348,1.75781,1.719,0.531649,0.177173,3.34e-07,576,7488,3,1639972864,1628270142,11702722,462.059
xor,256,256,blosc-zstd,byte,3,xor__256__256__blosc-zstd__byte,2,False,2026-09-06T00:29:42.621337+00:00,2.928281368687749,3.34466,16.1821,1.75781,0.112972,0.525558,0.157196,2.68e-07,576,7488,3,2880765952,2414627333,466138619,454.009
rand,1024,8,blosc-lz4,none,3,rand__1024__8__blosc-lz4__none,2,False,2026-09-06T00:29:43.808273+00:00,1.1867401469498873,8.0294,1.11892,1.75781,1.75951,0.218922,0.244841,1.85e-07,288,2016,3,3602907136,3593308222,9598914,128.627
rand,1024,64,blosc-lz4,byte,3,rand__1024__64__blosc-lz4__byte,2,False,2026-09-06T00:29:45.586433+00:00,1.778031561523676,2.90063,1.16312,1.75781,1.69265,0.60601,0.218552,1.52e-07,288,2016,3,2847932416,2836785214,11147202,513.911
xor,1024,8,blosc-lz4,byte,3,xor__1024__8__blosc-lz4__byte,2,False,2026-09-06T00:29:48.179044+00:00,2.592478482052684,10.5103,3.00687,1.75781,0.654751,0.167246,0.223592,3.85e-07,288,2016,3,3904897024,3895298110,9598914,66.7422
rand,256,0,zstd,none,0,rand__256__0__zstd__none,2,False,2026-09-06T00:29:49.909164+00:00,1.7299887128174305,2.63784,1.21453,1.75781,1.50521,0.666384,0.143817,2.25e-07,576,7488,3,2576678912,2112629381,464049531,597.183
xor,256,8,blosc-zstd,byte,3,xor__256__8__blosc-zstd__byte,2,False,2026-09-06T00:29:52.857952+00:00,2.94865589030087,3.35706,7.20606,1.75781,0.253693,0.523616,0.157623,2.75e-07,576,7488,3,2538930176,2074935173,463995003,452.777
xor,1024,16,blosc-lz4,none,3,xor__1024__16__blosc-lz4__none,2,False,2026-09-06T00:29:55.682547+00:00,2.8244615122675896,8.53576,2.07115,1.75781,0.950558,0.205935,0.222954,2.61e-07,288,2016,3,2998927360,2988443710,10483650,111.058
xor,1024,16,blosc-lz4,byte,3,xor__1024__16__blosc-lz4__byte,2,False,2026-09-06T00:29:58.285803+00:00,2.603123052045703,10.5087,3.59073,1.75781,0.548286,0.167272,0.225979,1.77e-07,288,2016,3,3300917248,3290433598,10483650,77.7323
rand,1024,32,blosc-lz4,byte,3,rand__1024__32__blosc-lz4__byte,2,False,2026-09-06T00:29:59.998026+00:00,1.7120894957333803,2.99739,1.14525,1.75781,1.71906,0.586447,0.216255,1.58e-07,288,2016,3,2998927360,2988001342,10926018,495.249
xor,1024,64,blosc-zstd,none,3,xor__1024__64__blosc-zstd__none,2,False,2026-09-06T00:30:03.333358+00:00,3.335192294791341,2.15545,6.56168,1.75781,0.300037,0.815519,0.219283,2.67e-07,288,2016,3,4034199552,3566329221,467870331,731.197
rand,1024,16,blosc-zstd,bit,3,rand__1024__16__blosc-zstd__bit,2,False,2026-09-06T00:30:05.144162+00:00,1.8106694445014,2.19023,1.48904,1.75781,1.32216,0.802569,0.218124,2.09e-07,288,2016,3,4044685312,3577084293,467601019,714.05
rand,256,64,blosc-lz4,none,3,rand__256__64__blosc-lz4__none,2,False,2026-09-06T00:30:06.478103+00:00,1.333807485178113,4.45886,1.03933,1.75781,1.75894,0.394229,0.176022,2.94e-07,576,7488,3,1413480448,1401667134,11813314,324.463
rand,1024,1024,blosc-lz4,bit,3,rand__1024__1024__blosc-lz4__bit,2,False,2026-09-06T00:30:07.757689+00:00,1.279443223029375,4.31337,1.48431,1.75781,1.32637,0.407527,0.238592,2.03e-07,288,2016,3,2707423232,2695024702,12398530,322.068
rand,1024,128,blosc-lz4,byte,3,rand__1024__128__blosc-lz4__byte,2,False,2026-09-06T00:30:09.232514+00:00,1.4746666885912418,3.1097,1.17987,1.75781,1.66861,0.565268,0.220204,1.64e-07,288,2016,3,2772434944,2761177150,11257794,476.133
xor,1024,128,blosc-zstd,bit,3,xor__1024__128__blosc-zstd__bit,2,False,2026-09-06T00:30:12.257854+00:00,3.025207256898284,6.57686,136.859,1.75781,0.0143852,0.267272,0.285361,2.19e-07,288,2016,3,4336189440,3868213125,467976315,186.678
rand,256,256,blosc-zstd,none,3,rand__256__256__blosc-zstd__none,2,False,2026-09-06T00:30:13.713058+00:00,1.4550688415765762,2.78688,1.21446,1.75781,1.5053,0.630746,0.154789,3.07e-07,576,7488,3,2729771008,2263632389,466138619,563.425
rand,1024,1024,blosc-zstd,bit,3,rand__1024__1024__blosc-zstd__bit,2,False,2026-09-06T00:30:15.581336+00:00,1.8681425377726555,2.64024,1.49292,1.75781,1.31873,0.665776,0.224819,5.49e-07,288,2016,3,4336189440,3868112325,468077115,580.256
xor,1024,1024,blosc-zstd,byte,3,xor__1024__1024__blosc-zstd__byte,2,False,2026-09-06T00:30:18.680837+00:00,3.099367270246148,2.91811,16.0552,1.75781,0.122623,0.60238,0.227717,3.07e-07,288,2016,3,4336189440,3868112325,468077115,520.134
xor,256,16,blosc-zstd,byte,3,xor__256__16__blosc-zstd__byte,2,False,2026-09-06T00:30:21.686364+00:00,3.005391515791416,3.70353,9.41461,1.75781,0.19418,0.474631,0.15668,3.18e-07,576,7488,3,2587164672,2122520453,464644219,403.041
rand,1024,256,blosc-lz4,bit,3,rand__1024__256__blosc-lz4__bit,2,False,2026-09-06T00:30:22.805384+00:00,1.1188880987465382,7.22807,1.48431,1.75781,1.32637,0.243192,0.224308,3.09e-07,288,2016,3,2734686208,2723373118,11313090,158.605
rand,1024,64,blosc-zstd,none,3,rand__1024__64__blosc-zstd__none,2,False,2026-09-06T00:30:24.767111+00:00,1.9615910649299622,1.66859,1.30812,1.75781,1.50503,1.05347,0.222982,3.45e-07,288,2016,3,4034199552,3566329221,467870331,966.181
xor,256,8,blosc-lz4,byte,3,xor__256__8__blosc-lz4__byte,2,False,2026-09-06T00:30:27.342575+00:00,2.575330199673772,10.8688,3.27963,1.75781,0.557419,0.16173,0.215854,2.3e-07,576,7488,3,2092957696,2081918526,11039170,65.4695
xor,1024,64,blosc-lz4,bit,3,xor__1024__64__blosc-lz4__bit,2,False,2026-09-06T00:30:30.106484+00:00,2.7637759428471327,8.99954,2.73165,1.75781,0.720718,0.195323,0.267429,2.66e-07,288,2016,3,2847932416,2836785214,11147202,103.334
xor,1024,32,blosc-zstd,none,3,xor__1024__32__blosc-zstd__none,2,False,2026-09-06T00:30:33.645465+00:00,3.5388459358364344,2.08242,5.81451,1.75781,0.338593,0.844119,0.23007,1.7e-07,288,2016,3,3839164416,3371536773,467627643,754.811
xor,256,8,blosc-zstd,none,3,xor__256__8__blosc-zstd__none,2,False,2026-09-06T00:30:36.922659+00:00,3.277055699378252,2.04652,4.59858,1.75781,0.397541,0.858926,0.162879,3.61e-07,576,7488,3,2387935232,1923940229,463995003,785.639
xor,256,8,blosc-zstd,bit,3,xor__256__8__blosc-zstd__bit,2,False,2026-09-06T00:30:39.728065+00:00,2.8052546475082636,6.44848,45.563,1.75781,0.040123,0.272593,0.155993,1.68e-07,576,7488,3,2538930176,2074935173,463995003,189.106
xor,1024,32,blosc-lz4,none,3,xor__1024__32__blosc-lz4__none,2,False,2026-09-06T00:30:42.394443+00:00,2.6662447191774845,8.40094,2.2495,1.75781,0.875195,0.20924,0.234186,1.77e-07,288,2016,3,2696937472,2686011454,10926018,115.076
rand,256,0,lz4,none,1,rand__256__0__lz4__none,2,False,2026-09-06T00:30:43.553155+00:00,1.1585790924727917,5.87769,1.03574,1.75781,1.76504,0.299065,0.15315,1.44e-07,576,7488,3,1203765248,1195703358,8061890,230.585
rand,1024,8,blosc-lz4,bit,3,rand__1024__8__blosc-lz4__bit,2,False,2026-09-06T00:30:44.685078+00:00,1.1317850220948458,9.97734,1.47931,1.75781,1.33086,0.17618,0.225746,5.18e-07,288,2016,3,3904897024,3895298110,9598914,87.6693
rand,256,32,blosc-lz4,none,3,rand__256__32__blosc-lz4__none,2,False,2026-09-06T00:30:46.072096+00:00,1.3868959490209818,3.50105,1.03931,1.75781,1.75899,0.502082,0.181208,3.36e-07,576,7488,3,1488977920,1477275198,11702722,430.692
rand,256,64,blosc-zstd,byte,3,rand__256__64__blosc-zstd__byte,2,False,2026-09-06T00:30:48.046786+00:00,1.974554916843772,1.59378,1.22949,1.75781,1.4869,1.10292,0.175859,1.98e-07,576,7488,3,2880765952,2414709125,466056827,1034.25
xor,1024,128,blosc-lz4,bit,3,xor__1024__128__blosc-lz4__bit,2,False,2026-09-06T00:30:50.715692+00:00,2.6687711868435144,8.76228,4.14385,1.75781,0.475101,0.200611,0.256672,2.04e-07,288,2016,3,2772434944,2761177150,11257794,108.645
rand,1024,512,blosc-lz4,none,3,rand__1024__512__blosc-lz4__none,2,False,2026-09-06T00:30:52.045007+00:00,1.3291645422577858,5.46689,1.1191,1.75781,1.75923,0.321538,0.220772,2.24e-07,288,2016,3,2413821952,2402485822,11336130,230.017
xor,256,128,blosc-zstd,byte,3,xor__256__128__blosc-zstd__byte,2,False,2026-09-06T00:30:55.053971+00:00,3.0088331028819084,4.97768,15.1082,1.75781,0.121002,0.353139,0.158927,4.03e-07,576,7488,3,2880765952,2414656133,466109819,281.582
rand,1024,32,blosc-zstd,byte,3,rand__1024__32__blosc-zstd__byte,2,False,2026-09-06T00:30:57.058265+00:00,2.004160249605775,1.70729,1.31732,1.75781,1.49451,1.02959,0.230124,1.51e-07,288,2016,3,4141154304,3673526661,467627643,940.793
xor,1024,32,blosc-zstd,byte,3,xor__1024__32__blosc-zstd__byte,2,False,2026-09-06T00:31:00.162190+00:00,3.1037924122065306,3.24159,10.571,1.75781,0.186241,0.542269,0.278635,2.48e-07,288,2016,3,4141154304,3673526661,467627643,459.425
xor,1024,256,blosc-zstd,byte,3,xor__1024__256__blosc-zstd__byte,2,False,2026-09-06T00:31:03.248064+00:00,3.0857389885932207,4.08173,15.1985,1.75781,0.129536,0.430653,0.234915,4.22e-07,288,2016,3,4336189440,3868155525,468033915,346.892
rand,1024,1024,blosc-lz4,byte,3,rand__1024__1024__blosc-lz4__byte,2,False,2026-09-06T00:31:05.099455+00:00,1.8512531332671642,2.07395,1.19395,1.75781,1.64893,0.847566,0.245794,4.53e-07,288,2016,3,2707423232,2695024702,12398530,758.721
rand,1024,32,blosc-zstd,none,3,rand__1024__32__blosc-zstd__none,2,False,2026-09-06T00:31:07.243700+00:00,2.144111182540655,1.74121,1.3068,1.75781,1.50655,1.00954,0.255429,2.7e-07,288,2016,3,3839164416,3371536773,467627643,922.365
rand,1024,32,blosc-lz4,none,3,rand__1024__32__blosc-lz4__none,2,False,2026-09-06T00:31:08.687396+00:00,1.4435556083917618,3.10012,1.11918,1.75781,1.75909,0.567014,0.219102,1.51e-07,288,2016,3,2696937472,2686011454,10926018,474.784
xor,256,128,blosc-zstd,bit,3,xor__256__128__blosc-zstd__bit,2,False,2026-09-06T00:31:11.579311+00:00,2.8917790483683348,6.5669,121.386,1.75781,0.0150604,0.267677,0.170279,1.98e-07,576,7488,3,2880765952,2414656133,466109819,185.118
rand,256,256,blosc-lz4,byte,3,rand__256__256__blosc-lz4__byte,2,False,2026-09-06T00:31:12.992298+00:00,1.412864664569497,3.6315,1.10139,1.75781,1.65984,0.484045,0.179599,2.24e-07,576,7488,3,1507852288,1495956030,11896258,415.892
xor,1024,8,blosc-zstd,none,3,xor__1024__8__blosc-zstd__none,2,False,2026-09-06T00:31:16.409779+00:00,3.417350435629487,1.87217,3.96135,1.75781,0.49699,0.938916,0.22426,1.49e-07,288,2016,3,3694460928,3228780933,465679995,849.114
rand,256,4,blosc-lz4,none,3,rand__256__4__blosc-lz4__none,2,False,2026-09-06T00:31:17.520125+00:00,1.1102105528116226,10.8016,1.03908,1.75781,1.75938,0.162737,0.152401,1.98e-07,576,7488,3,2545942528,2535788094,10154434,69.7402
rand,1024,0,zstd,none,0,rand__1024__0__zstd__none,2,False,2026-09-06T00:31:19.079902+00:00,1.5596446488052607,2.74752,1.30841,1.75781,1.50469,0.639782,0.236897,2.97e-07,288,2016,3,3730112512,3264159621,465952891,552.039
rand,256,256,blosc-lz4,bit,3,rand__256__256__blosc-lz4__bit,2,False,2026-09-06T00:31:20.340804+00:00,1.2607742007821798,5.70948,1.37832,1.75781,1.32635,0.307876,0.149295,2.02e-07,576,7488,3,1507852288,1495956030,11896258,242.082
rand,256,256,blosc-zstd,byte,3,rand__256__256__blosc-zstd__byte,2,False,2026-09-06T00:31:22.199974+00:00,1.8590323086827993,2.24527,1.34241,1.75781,1.36182,0.782897,0.149279,1.65e-07,576,7488,3,2880765952,2414627333,466138619,714.394
rand,256,8,blosc-zstd,byte,3,rand__256__8__blosc-zstd__byte,2,False,2026-09-06T00:31:24.144108+00:00,1.9440095201134682,1.71389,1.20419,1.75781,1.51814,1.02563,0.152228,3.28e-07,576,7488,3,2538930176,2074935173,463995003,959.002
rand,256,16,blosc-zstd,none,3,rand__256__16__blosc-zstd__none,2,False,2026-09-06T00:31:26.045626+00:00,1.9013868160545826,1.77314,1.21089,1.75781,1.50974,0.991354,0.148963,1.54e-07,576,7488,3,2436169728,1971525509,464644219,924.382
xor,256,16,blosc-zstd,bit,3,xor__256__16__blosc-zstd__bit,2,False,2026-09-06T00:31:28.875308+00:00,2.8295301534235477,4.23535,73.1094,1.75781,0.0250053,0.415034,0.15369,1.78e-07,576,7488,3,2587164672,2122520453,464644219,320.71
xor,1024,512,blosc-zstd,bit,3,xor__1024__512__blosc-zstd__bit,2,False,2026-09-06T00:31:31.677469+00:00,2.802031025290489,5.23221,244.364,1.75781,0.00805664,0.33596,0.224991,5.31e-07,288,2016,3,4336189440,3868126725,468062715,255.077
rand,1024,128,blosc-lz4,none,3,rand__1024__128__blosc-lz4__none,2,False,2026-09-06T00:31:33.019234+00:00,1.341632029041648,3.58678,1.11927,1.75781,1.75896,0.490081,0.219869,1.84e-07,288,2016,3,2470445056,2459187262,11257794,398.815
xor,1024,16,blosc-zstd,bit,3,xor__1024__16__blosc-zstd__bit,2,False,2026-09-06T00:31:36.017750+00:00,2.9983814544975758,6.56202,78.1727,1.75781,0.0251846,0.267877,0.227384,3.11e-07,288,2016,3,4044685312,3577084293,467601019,170.823
xor,256,16,blosc-zstd,none,3,xor__256__16__blosc-zstd__none,2,False,2026-09-06T00:31:39.299262+00:00,3.2813413366675377,1.976,5.42517,1.75781,0.336971,0.889579,0.156227,3.21e-07,576,7488,3,2436169728,1971525509,464644219,820.066
xor,256,32,blosc-lz4,bit,3,xor__256__32__blosc-lz4__bit,2,False,2026-09-06T00:31:41.840019+00:00,2.5406245347112417,10.0542,2.48679,1.75781,0.735134,0.174833,0.181218,3.17e-07,576,7488,3,1639972864,1628270142,11702722,101.974
rand,256,4,blosc-zstd,none,3,rand__256__4__blosc-zstd__none,2,False,2026-09-06T00:31:43.771499+00:00,1.9313447512686253,1.61662,1.1906,1.75781,1.53546,1.08734,0.163913,2.41e-07,576,7488,3,2366963712,1902055301,464908411,1019.31
rand,1024,256,blosc-zstd,none,3,rand__1024__256__blosc-zstd__none,2,False,2026-09-06T00:31:45.703025+00:00,1.931392814964056,1.79499,1.30815,1.75781,1.50499,0.97929,0.225811,3.02e-07,288,2016,3,4034199552,3566165637,468033915,891.011
rand,256,16,blosc-lz4,bit,3,rand__256__16__blosc-lz4__bit,2,False,2026-09-06T00:31:46.856574+00:00,1.1534138228744268,4.78068,1.37613,1.75781,1.32845,0.367691,0.154718,1.5e-07,576,7488,3,1790967808,1779486270,11481538,303.132
xor,1024,256,blosc-lz4,none,3,xor__1024__256__blosc-lz4__none,2,False,2026-09-06T00:31:49.783888+00:00,2.9271811675280333,5.04116,2.70367,1.75781,0.728176,0.348692,0.25769,1.93e-07,288,2016,3,2432696320,2421383230,11313090,258.014
xor,256,4,blosc-zstd,none,3,xor__256__4__blosc-zstd__none,2,False,2026-09-06T00:31:53.134284+00:00,3.350264258682728,1.90134,3.75262,1.75781,0.48716,0.92451,0.153089,2.86e-07,576,7488,3,2366963712,1902055301,464908411,853.239
rand,256,8,blosc-lz4,none,3,rand__256__8__blosc-lz4__none,2,False,2026-09-06T00:31:54.288992+00:00,1.1545794289559126,8.79258,1.03921,1.75781,1.75915,0.19992,0.158381,1.41e-07,576,7488,3,1941962752,1930923582,11039170,129.08
xor,1024,256,blosc-lz4,byte,3,xor__1024__256__blosc-lz4__byte,2,False,2026-09-06T00:31:57.002853+00:00,2.71372652053833,7.09133,4.49346,1.75781,0.438137,0.247882,0.223936,1.9e-07,288,2016,3,2734686208,2723373118,11313090,161.623
rand,256,64,blosc-zstd,none,3,rand__256__64__blosc-zstd__none,2,False,2026-09-06T00:31:58.946419+00:00,1.94342908449471,1.64845,1.2143,1.75781,1.5055,1.06634,0.14575,1.6e-07,576,7488,3,2729771008,2263714181,466056827,998.064
rand,1024,128,blosc-lz4,bit,3,rand__1024__128__blosc-lz4__bit,2,False,2026-09-06T00:32:00.361327+00:00,1.4147784560918808,4.1995,1.48396,1.75781,1.32669,0.418577,0.221153,3.55e-07,288,2016,3,2772434944,2761177150,11257794,332.99
xor,1024,128,blosc-lz4,byte,3,xor__1024__128__blosc-lz4__byte,2,False,2026-09-06T00:32:03.272348+00:00,2.9108888003975153,9.51552,4.43301,1.75781,0.444111,0.184731,0.224049,1.58e-07,288,2016,3,2772434944,2761177150,11257794,95.7602
xor,1024,0,zstd,none,0,xor__1024__0__zstd__none,2,False,2026-09-06T00:32:06.589698+00:00,3.317216545343399,2.48024,7.70914,1.75781,0.255379,0.708727,0.228091,1.61e-07,288,2016,3,3730112512,3264159621,465952891,622.617
rand,1024,4,blosc-lz4,bit,3,rand__1024__4__blosc-lz4__bit,2,False,2026-09-06T00:32:07.631992+00:00,1.0421475246548653,11.2285,1.47469,1.75781,1.33502,0.156549,0.246104,4.07e-07,288,2016,3,5114953728,5105027134,9926594,62.769
xor,256,32,blosc-zstd,none,3,xor__256__32__blosc-zstd__none,2,False,2026-09-06T00:32:11.028007+00:00,3.3958861250430346,2.38378,6.0227,1.75781,0.303539,0.737406,0.152079,1.41e-07,576,7488,3,2534735872,2068603781,466132091,668.113
xor,1024,64,blosc-zstd,bit,3,xor__1024__64__blosc-zstd__bit,2,False,2026-09-06T00:32:13.989043+00:00,2.96090167760849,7.17369,125.296,1.75781,0.0157127,0.245036,0.222984,1.96e-07,288,2016,3,4336189440,3868319109,467870331,156.16
rand,1024,256,blosc-zstd,bit,3,rand__1024__256__blosc-zstd__bit,2,False,2026-09-06T00:32:15.938218+00:00,1.9490395430475473,2.08447,1.49261,1.75781,1.319,0.843292,0.235066,1.62e-07,288,2016,3,4336189440,3868155525,468033915,755.76
xor,256,32,blosc-lz4,none,3,xor__256__32__blosc-lz4__none,2,False,2026-09-06T00:32:18.505022+00:00,2.5666668340563774,8.38749,2.07117,1.75781,0.882652,0.209575,0.154907,4.43e-07,576,7488,3,1488977920,1477275198,11702722,134.222
rand,1024,64,blosc-zstd,bit,3,rand__1024__64__blosc-zstd__bit,2,False,2026-09-06T00:32:20.411352+00:00,1.9061958361417055,2.09956,1.49193,1.75781,1.3196,0.83723,0.213666,2.04e-07,288,2016,3,4336189440,3868319109,467870331,749.896
rand,1024,256,blosc-lz4,byte,3,rand__1024__256__blosc-lz4__byte,2,False,2026-09-06T00:32:21.667907+00:00,1.2564192228019238,5.19677,1.18885,1.75781,1.65601,0.338251,0.222673,1.76e-07,288,2016,3,2734686208,2723373118,11313090,248.394
rand,256,64,blosc-lz4,byte,3,rand__256__64__blosc-lz4__byte,2,False,2026-09-06T00:32:22.947111+00:00,1.2790737878531218,3.84386,1.0801,1.75781,1.69256,0.457304,0.171859,2.65e-07,576,7488,3,1564475392,1552662078,11813314,388.525
rand,256,4,blosc-lz4,byte,3,rand__256__4__blosc-lz4__byte,2,False,2026-09-06T00:32:23.885914+00:00,0.9386671762913465,11.2519,1.03908,1.75781,1.75938,0.156224,0.153904,1.82e-07,576,7488,3,2696937472,2686783038,10154434,77.4022
xor,1024,32,blosc-zstd,bit,3,xor__1024__32__blosc-zstd__bit,2,False,2026-09-06T00:32:26.849750+00:00,2.9637005403637886,7.00137,106.653,1.75781,0.0184593,0.251067,0.216863,2.44e-07,288,2016,3,4141154304,3673526661,467627643,154.36
xor,256,128,blosc-lz4,none,3,xor__256__128__blosc-lz4__none,2,False,2026-09-06T00:32:29.612867+00:00,2.762977473437786,5.10069,2.1588,1.75781,0.846825,0.344623,0.152941,1.91e-07,576,7488,3,1375731712,1363863102,11868610,271.159
rand,1024,64,blosc-lz4,bit,3,rand__1024__64__blosc-lz4__bit,2,False,2026-09-06T00:32:31.048739+00:00,1.4357342198491096,3.83215,1.48365,1.75781,1.32697,0.458701,0.244321,2.87e-07,288,2016,3,2847932416,2836785214,11147202,371.944
xor,1024,512,blosc-zstd,byte,3,xor__1024__512__blosc-zstd__byte,2,False,2026-09-06T00:32:34.008985+00:00,2.9601077679544687,3.6885,15.79,1.75781,0.124683,0.476566,0.230768,3.06e-07,288,2016,3,4336189440,3868126725,468062715,394.507
xor,1024,1024,blosc-lz4,byte,3,xor__1024__1024__blosc-lz4__byte,2,False,2026-09-06T00:32:37.091194+00:00,3.0820713192224503,3.0026,4.82951,1.75781,0.40765,0.585429,0.226593,5.29e-07,288,2016,3,2707423232,2695024702,12398530,496.832
xor,1024,4,blosc-lz4,none,3,xor__1024__4__blosc-lz4__none,2,False,2026-09-06T00:32:39.807382+00:00,2.716052481904626,9.32728,1.46856,1.75781,1.3406,0.188459,0.224116,1.73e-07,288,2016,3,4812963840,4803037246,9926594,88.2883
rand,256,32,blosc-lz4,bit,3,rand__256__32__blosc-lz4__bit,2,False,2026-09-06T00:32:40.974761+00:00,1.1672664377838373,4.41765,1.37734,1.75781,1.32728,0.397906,0.146297,1.93e-07,576,7488,3,1639972864,1628270142,11702722,333.331
xor,256,16,blosc-lz4,bit,3,xor__256__16__blosc-lz4__bit,2,False,2026-09-06T00:32:43.497148+00:00,2.522240424528718,10.4446,2.40546,1.75781,0.759991,0.168299,0.15471,4.97e-07,576,7488,3,1790967808,1779486270,11481538,84.0347
xor,256,4,blosc-zstd,byte,3,xor__256__4__blosc-zstd__byte,2,False,2026-09-06T00:32:46.668436+00:00,3.1711538806557655,2.6708,5.01462,1.75781,0.364559,0.65816,0.173452,2.28e-07,576,7488,3,2517958656,2053050245,464908411,588.69
rand,256,128,blosc-zstd,bit,3,rand__256__128__blosc-zstd__bit,2,False,2026-09-06T00:32:48.393082+00:00,1.7245202921330929,2.24434,1.38553,1.75781,1.31944,0.783219,0.155436,1.53e-07,576,7488,3,2880765952,2414656133,466109819,717.161
xor,256,8,blosc-lz4,none,3,xor__256__8__blosc-lz4__none,2,False,2026-09-06T00:32:51.081393+00:00,2.6881798561662436,9.57286,1.91453,1.75781,0.954868,0.183625,0.160156,4.01e-07,576,7488,3,1941962752,1930923582,11039170,107.873
xor,1024,512,blosc-lz4,byte,3,xor__1024__512__blosc-lz4__byte,2,False,2026-09-06T00:32:53.873111+00:00,2.791584759950638,4.76831,4.6285,1.75781,0.425354,0.368645,0.229159,1.81e-07,288,2016,3,2715811840,2704475710,11336130,281.254
rand,256,4,blosc-lz4,bit,3,rand__256__4__blosc-lz4__bit,2,False,2026-09-06T00:32:55.035379+00:00,1.1621351223438978,11.0044,1.37021,1.75781,1.33419,0.159737,0.156776,2.94e-07,576,7488,3,2696937472,2686783038,10154434,60.68
rand,1024,16,blosc-zstd,none,3,rand__1024__16__blosc-zstd__none,2,False,2026-09-06T00:32:57.008197+00:00,1.972686430439353,1.76027,1.30418,1.75781,1.50957,0.998601,0.221221,3.3e-07,288,2016,3,3742695424,3275094405,467601019,910.395
xor,1024,256,blosc-lz4,bit,3,xor__1024__256__blosc-lz4__bit,2,False,2026-09-06T00:32:59.817260+00:00,2.808926912024617,8.30134,10.0901,1.75781,0.195118,0.211751,0.231455,2.61e-07,288,2016,3,2734686208,2723373118,11313090,126.873
rand,256,128,blosc-lz4,none,3,rand__256__128__blosc-lz4__none,2,False,2026-09-06T00:33:00.845198+00:00,1.0278088543564081,8.39731,1.03933,1.75781,1.75894,0.20933,0.175126,5.58e-07,576,7488,3,1375731712,1363863102,11868610,138.016
rand,1024,8,blosc-zstd,bit,3,rand__1024__8__blosc-zstd__bit,2,False,2026-09-06T00:33:02.817022+00:00,1.971704851835966,2.00911,1.48508,1.75781,1.32568,0.874922,0.224673,4.09e-07,288,2016,3,3996450816,3530770821,465679995,785.389
rand,1024,1024,blosc-zstd,byte,3,rand__1024__1024__blosc-zstd__byte,2,False,2026-09-06T00:33:04.812535+00:00,1.9952710438519716,1.92538,1.44037,1.75781,1.36684,0.912971,0.221148,2.24e-07,288,2016,3,4336189440,3868112325,468077115,825.909
xor,256,32,blosc-zstd,bit,3,xor__256__32__blosc-zstd__bit,2,False,2026-09-06T00:33:07.508625+00:00,2.6959382444620132,6.82173,95.4645,1.75781,0.0191498,0.257678,0.187055,1.92e-07,576,7488,3,2685730816,2219598725,466132091,160.612
xor,1024,8,blosc-zstd,byte,3,xor__1024__8__blosc-zstd__byte,2,False,2026-09-06T00:33:10.949338+00:00,3.440573923289776,2.50908,5.34881,1.75781,0.368073,0.700582,0.22418,1.52e-07,288,2016,3,3996450816,3530770821,465679995,610.394
rand,256,32,blosc-zstd,byte,3,rand__256__32__blosc-zstd__byte,2,False,2026-09-06T00:33:13.075040+00:00,2.1255663875490427,1.68869,1.22284,1.75781,1.49498,1.04094,0.241638,1.57e-07,576,7488,3,2685730816,2219598725,466132091,970.987
rand,256,128,blosc-lz4,byte,3,rand__256__128__blosc-lz4__byte,2,False,2026-09-06T00:33:14.284701+00:00,1.20952782407403,5.92221,1.09566,1.75781,1.66852,0.296817,0.172421,1.61e-07,576,7488,3,1526726656,1514858046,11868610,226.869
xor,256,64,blosc-zstd,bit,3,xor__256__64__blosc-zstd__bit,2,False,2026-09-06T00:33:16.942328+00:00,2.657486805692315,6.67577,112.232,1.75781,0.0162888,0.263312,0.154407,3.24e-07,576,7488,3,2880765952,2414709125,466056827,170.749
rand,1024,128,blosc-zstd,bit,3,rand__1024__128__blosc-zstd__bit,2,False,2026-09-06T00:33:18.791308+00:00,1.8488472141325474,1.94193,1.49256,1.75781,1.31905,0.905188,0.221012,1.87e-07,288,2016,3,4336189440,3868213125,467976315,819.6
xor,1024,512,blosc-lz4,bit,3,xor__1024__512__blosc-lz4__bit,2,False,2026-09-06T00:33:21.446473+00:00,2.6550318468362093,7.9205,21.6583,1.75781,0.0909004,0.221932,0.230519,2.91e-07,288,2016,3,2715811840,2704475710,11336130,138.633
rand,256,8,blosc-zstd,none,3,rand__256__8__blosc-zstd__none,2,False,2026-09-06T00:33:23.503610+00:00,2.057009244337678,1.59858,1.20496,1.75781,1.51717,1.09961,0.145809,2.03e-07,576,7488,3,2387935232,1923940229,463995003,1032.4
rand,1024,16,blosc-lz4,byte,3,rand__1024__16__blosc-lz4__byte,2,False,2026-09-06T00:33:24.976763+00:00,1.4730313792824745,3.21261,1.13063,1.75781,1.74128,0.547161,0.239033,4.5e-07,288,2016,3,3300917248,3290433598,10483650,452.802
rand,256,16,blosc-zstd,byte,3,rand__256__16__blosc-zstd__byte,2,False,2026-09-06T00:33:26.836015+00:00,1.8591021057218313,1.73805,1.21518,1.75781,1.50441,1.01137,0.157082,2.14e-07,576,7488,3,2587164672,2122520453,464644219,942.167
xor,1024,8,blosc-lz4,none,3,xor__1024__8__blosc-lz4__none,2,False,2026-09-06T00:33:29.598261+00:00,2.762110162526369,8.68509,1.76662,1.75781,1.11441,0.202394,0.230276,1.94e-07,288,2016,3,3602907136,3593308222,9598914,106.449
rand,256,32,blosc-zstd,bit,3,rand__256__32__blosc-zstd__bit,2,False,2026-09-06T00:33:31.226461+00:00,1.628071442246437,2.19734,1.38407,1.75781,1.32083,0.799974,0.157643,1.86e-07,576,7488,3,2685730816,2219598725,466132091,733.432
xor,256,128,blosc-lz4,bit,3,xor__256__128__blosc-lz4__bit,2,False,2026-09-06T00:33:34.040895+00:00,2.8143000286072493,7.30793,3.79758,1.75781,0.481392,0.240535,0.157047,1.93e-07,576,7488,3,1526726656,1514858046,11868610,170.265
rand,1024,32,blosc-zstd,bit,3,rand__1024__32__blosc-zstd__bit,2,False,2026-09-06T00:33:35.872567+00:00,1.8315358515828848,2.18677,1.49085,1.75781,1.32056,0.803841,0.246811,3.13e-07,288,2016,3,4141154304,3673526661,467627643,717.541
xor,256,32,blosc-lz4,byte,3,xor__256__32__blosc-lz4__byte,2,False,2026-09-06T00:33:38.438014+00:00,2.5653117317706347,10.8343,3.92315,1.75781,0.465984,0.162245,0.17291,1.87e-07,576,7488,3,1639972864,1628270142,11702722,83.8087
xor,1024,64,blosc-lz4,byte,3,xor__1024__64__blosc-lz4__byte,2,False,2026-09-06T00:33:41.074813+00:00,2.6366747301071882,9.57567,4.2538,1.75781,0.462822,0.183571,0.236644,1.79e-07,288,2016,3,2847932416,2836785214,11147202,94.3661
rand,1024,512,blosc-zstd,byte,3,rand__1024__512__blosc-zstd__byte,2,False,2026-09-06T00:33:43.052991+00:00,1.978044580668211,2.0958,1.4424,1.75781,1.36491,0.83873,0.230781,2.55e-07,288,2016,3,4336189440,3868126725,468062715,744.715
rand,256,16,blosc-zstd,bit,3,rand__256__16__blosc-zstd__bit,2,False,2026-09-06T00:33:44.845721+00:00,1.792597435414791,2.20343,1.38229,1.75781,1.32253,0.797762,0.153578,2.04e-07,576,7488,3,2587164672,2122520453,464644219,729.21
xor,256,8,blosc-lz4,bit,3,xor__256__8__blosc-lz4__bit,2,False,2026-09-06T00:33:47.391094+00:00,2.545221921056509,10.2995,2.4276,1.75781,0.753059,0.17067,0.152654,1.76e-07,576,7488,3,2092957696,2081918526,11039170,76.6552
rand,1024,512,blosc-zstd,none,3,rand__1024__512__blosc-zstd__none,2,False,2026-09-06T00:33:48.947513+00:00,1.556289004161954,2.71441,1.30822,1.75781,1.50491,0.647585,0.217862,3.59e-07,288,2016,3,4034199552,3566136837,468062715,558.595
rand,256,4,blosc-zstd,bit,3,rand__256__4__blosc-zstd__bit,2,False,2026-09-06T00:33:50.895152+00:00,1.947506019845605,1.95369,1.37249,1.75781,1.33198,0.899741,0.178302,4.63e-07,576,7488,3,2517958656,2053050245,464908411,831.819
rand,1024,128,blosc-zstd,none,3,rand__1024__128__blosc-zstd__none,2,False,2026-09-06T00:33:52.930226+00:00,2.034943213686347,1.59416,1.30815,1.75781,1.50499,1.10266,0.223623,4.91e-07,288,2016,3,4034199552,3566223237,467976315,1011.9
xor,1024,128,blosc-zstd,byte,3,xor__1024__128__blosc-zstd__byte,2,False,2026-09-06T00:33:56.016224+00:00,3.085862582549453,3.20019,14.2967,1.75781,0.137707,0.549284,0.257178,1.63e-07,288,2016,3,4336189440,3868213125,467976315,463.324
rand,256,128,blosc-lz4,bit,3,rand__256__128__blosc-lz4__bit,2,False,2026-09-06T00:33:57.174364+00:00,1.158003656193614,9.02648,1.37811,1.75781,1.32655,0.194739,0.152278,3.38e-07,576,7488,3,1526726656,1514858046,11868610,127.815
rand,1024,8,blosc-zstd,byte,3,rand__1024__8__blosc-zstd__byte,2,False,2026-09-06T00:33:59.195613+00:00,2.0211146008223295,1.66626,1.29675,1.75781,1.51822,1.05494,0.262719,4.58e-07,288,2016,3,3996450816,3530770821,465679995,964.145
rand,256,64,blosc-zstd,bit,3,rand__256__64__blosc-zstd__bit,2,False,2026-09-06T00:34:01.046767+00:00,1.8510307017713785,2.06781,1.38508,1.75781,1.31987,0.850083,0.158623,2.34e-07,576,7488,3,2880765952,2414709125,466056827,783.213
rand,1024,8,blosc-lz4,byte,3,rand__1024__8__blosc-lz4__byte,2,False,2026-09-06T00:34:02.247069+00:00,1.2001512348651886,7.45915,1.12061,1.75781,1.75685,0.235658,0.242555,2.23e-07,288,2016,3,3904897024,3895298110,9598914,145.375
xor,256,4,blosc-lz4,none,3,xor__256__4__blosc-lz4__none,2,False,2026-09-06T00:34:04.826926+00:00,2.579720910638571,9.93503,1.6735,1.75781,1.0924,0.176931,0.155632,3.02e-07,576,7488,3,2545942528,2535788094,10154434,92.6204
xor,256,64,blosc-zstd,none,3,xor__256__64__blosc-zstd__none,2,False,2026-09-06T00:34:08.174177+00:00,3.3471161276102066,2.0364,6.60527,1.75781,0.276768,0.863196,0.153728,2.69e-07,576,7488,3,2729771008,2263714181,466056827,793.581
xor,256,256,blosc-lz4,none,3,xor__256__256__blosc-lz4__none,2,False,2026-09-06T00:34:11.280098+00:00,3.1057858001440763,3.07113,2.17014,1.75781,0.8424,0.572367,0.149953,1.58e-07,576,7488,3,1356857344,1344961086,11896258,498.658
xor,256,256,blosc-lz4,byte,3,xor__256__256__blosc-lz4__byte,2,False,2026-09-06T00:34:14.278262+00:00,2.9980314634740353,5.23002,4.59347,1.75781,0.397984,0.3361,0.173697,2.26e-07,576,7488,3,1507852288,1495956030,11896258,265.274
xor,1024,1024,blosc-lz4,bit,3,xor__1024__1024__blosc-lz4__bit,2,False,2026-09-06T00:34:16.905107+00:00,2.6267084944993258,8.03994,131.022,1.75781,0.0150261,0.218635,0.221401,1.88e-07,288,2016,3,2707423232,2695024702,12398530,139.092
xor,256,256,blosc-zstd,bit,3,xor__256__256__blosc-zstd__bit,2,False,2026-09-06T00:34:19.806007+00:00,2.900763103738427,5.04714,138.707,1.75781,0.0131798,0.348279,0.154541,1.93e-07,576,7488,3,2880765952,2414627333,466138619,283.228
xor,256,64,blosc-lz4,byte,3,xor__256__64__blosc-lz4__byte,2,False,2026-09-06T00:34:22.375546+00:00,2.56940483674407,10.2746,4.19496,1.75781,0.435791,0.171083,0.156773,3.12e-07,576,7488,3,1564475392,1552662078,11813314,82.6454
xor,256,128,blosc-zstd,none,3,xor__256__128__blosc-zstd__none,2,False,2026-09-06T00:34:25.376342+00:00,3.0006599128246307,2.93016,6.97572,1.75781,0.26207,0.599902,0.159425,1.51e-07,576,7488,3,2729771008,2263661189,466109819,529.557
xor,256,4,blosc-zstd,bit,3,xor__256__4__blosc-zstd__bit,2,False,2026-09-06T00:34:28.180985+00:00,2.804511783644557,5.11894,32.105,1.75781,0.056942,0.343394,0.15173,2.21e-07,576,7488,3,2517958656,2053050245,464908411,277.487
xor,1024,1024,blosc-zstd,bit,3,xor__1024__1024__blosc-zstd__bit,2,False,2026-09-06T00:34:31.134959+00:00,2.9538388922810555,4.70943,360.654,1.75781,0.00545883,0.373254,0.248002,3.24e-07,288,2016,3,4336189440,3868112325,468077115,289.525
rand,256,32,blosc-zstd,none,3,rand__256__32__blosc-zstd__none,2,False,2026-09-06T00:34:33.029503+00:00,1.8944089822471142,1.75037,1.21314,1.75781,1.50694,1.00425,0.152961,2.99e-07,576,7488,3,2534735872,2068603781,466132091,936.518
rand,256,16,blosc-lz4,byte,3,rand__256__16__blosc-lz4__byte,2,False,2026-09-06T00:34:34.311764+00:00,1.2821278367191553,3.45258,1.04998,1.75781,1.7411,0.50913,0.154455,1.42e-07,576,7488,3,1790967808,1779486270,11481538,438.964
rand,1024,512,blosc-lz4,bit,3,rand__1024__512__blosc-lz4__bit,2,False,2026-09-06T00:34:35.492689+00:00,1.180795093998313,5.50653,1.48431,1.75781,1.32637,0.319223,0.218333,1.98e-07,288,2016,3,2715811840,2704475710,11336130,234.977
rand,1024,32,blosc-lz4,bit,3,rand__1024__32__blosc-lz4__bit,2,False,2026-09-06T00:34:36.804219+00:00,1.311376640573144,4.13589,1.48324,1.75781,1.32733,0.425015,0.216477,1.69e-07,288,2016,3,2998927360,2988001342,10926018,339.54
rand,256,256,blosc-lz4,none,3,rand__256__256__blosc-lz4__none,2,False,2026-09-06T00:34:37.935620+00:00,1.1312670484185219,5.70385,1.03917,1.75781,1.75921,0.30818,0.149162,2.02e-07,576,7488,3,1356857344,1344961086,11896258,238.016
rand,1024,8,blosc-zstd,none,3,rand__1024__8__blosc-zstd__none,2,False,2026-09-06T00:34:40.013478+00:00,2.077713157981634,1.57486,1.29773,1.75781,1.51707,1.11617,0.223957,2.41e-07,288,2016,3,3694460928,3228780933,465679995,1026.37
rand,256,16,blosc-lz4,none,3,rand__256__16__blosc-lz4__none,2,False,2026-09-06T00:34:41.341030+00:00,1.3274155650287867,3.65347,1.03927,1.75781,1.75904,0.481135,0.153568,1.87e-07,576,7488,3,1639972864,1628491326,11481538,409.709
xor,256,64,blosc-lz4,none,3,xor__256__64__blosc-lz4__none,2,False,2026-09-06T00:34:44.091566+00:00,2.750403266400099,8.04431,2.14791,1.75781,0.851116,0.218516,0.14911,5.11e-07,576,7488,3,1413480448,1401667134,11813314,144.808
rand,1024,128,blosc-zstd,byte,3,rand__1024__128__blosc-zstd__byte,2,False,2026-09-06T00:34:46.305848+00:00,2.2141465041786432,1.52361,1.45104,1.75781,1.35679,1.15371,0.235735,1.86e-07,288,2016,3,4336189440,3868213125,467976315,1068.55
xor,256,128,blosc-lz4,byte,3,xor__256__128__blosc-lz4__byte,2,False,2026-09-06T00:34:48.865730+00:00,2.559748277068138,7.95123,4.529,1.75781,0.403648,0.221074,0.158061,2.67e-07,576,7488,3,1526726656,1514858046,11868610,149.851
rand,1024,16,blosc-zstd,byte,3,rand__1024__16__blosc-zstd__byte,2,False,2026-09-06T00:34:50.880345+00:00,2.0144675131887197,1.57884,1.3089,1.75781,1.50412,1.11336,0.221811,1.72e-07,288,2016,3,4044685312,3577084293,467601019,1026.5
rand,256,128,blosc-zstd,byte,3,rand__256__128__blosc-zstd__byte,2,False,2026-09-06T00:34:52.997013+00:00,2.116534611210227,1.58989,1.347,1.75781,1.35718,1.10562,0.149693,2.95e-07,576,7488,3,2880765952,2414656133,466109819,1037.96
xor,1024,4,blosc-lz4,byte,3,xor__1024__4__blosc-lz4__byte,2,False,2026-09-06T00:34:55.819454+00:00,2.822310660034418,10.7872,2.44739,1.75781,0.804428,0.162954,0.22142,1.42e-07,288,2016,3,5114953728,5105027134,9926594,55.4579
xor,1024,256,blosc-zstd,none,3,xor__1024__256__blosc-zstd__none,2,False,2026-09-06T00:34:59.063113+00:00,3.2435332648456097,2.77588,7.44448,1.75781,0.264458,0.633245,0.220131,1.47e-07,288,2016,3,4034199552,3566165637,468033915,546.674
rand,256,128,blosc-zstd,none,3,rand__256__128__blosc-zstd__none,2,False,2026-09-06T00:35:00.852233+00:00,1.7889874801039696,1.83601,1.2144,1.75781,1.50537,0.957411,0.16728,2.65e-07,576,7488,3,2729771008,2263661189,466109819,890.323
rand,256,64,blosc-lz4,bit,3,rand__256__64__blosc-lz4__bit,2,False,2026-09-06T00:35:01.984865+00:00,1.1325003448873758,5.56462,1.37811,1.75781,1.32655,0.315891,0.156315,3.25e-07,576,7488,3,1564475392,1552662078,11813314,250.175
xor,256,16,blosc-lz4,byte,3,xor__256__16__blosc-lz4__byte,2,False,2026-09-06T00:35:04.496725+00:00,2.511722696945071,10.3335,3.63556,1.75781,0.502846,0.170109,0.153551,4.67e-07,576,7488,3,1790967808,1779486270,11481538,71.5566
xor,1024,8,blosc-lz4,bit,3,xor__1024__8__blosc-lz4__bit,2,False,2026-09-06T00:35:07.093884+00:00,2.597015319392085,10.261,2.79932,1.75781,0.703297,0.171309,0.229399,1.91e-07,288,2016,3,3904897024,3895298110,9598914,74.2232
xor,256,64,blosc-zstd,byte,3,xor__256__64__blosc-zstd__byte,2,False,2026-09-06T00:35:10.184066+00:00,3.0900484677404165,3.83266,13.6122,1.75781,0.1343,0.458641,0.147698,3.2e-07,576,7488,3,2880765952,2414709125,466056827,389.342
xor,1024,4,blosc-zstd,none,3,xor__1024__4__blosc-zstd__none,2,False,2026-09-06T00:35:13.611343+00:00,3.427150944247842,1.89002,3.33253,1.75781,0.590767,0.930048,0.238774,1.89e-07,288,2016,3,3675586560,3209439621,466146939,838.677
rand,1024,16,blosc-lz4,bit,3,rand__1024__16__blosc-lz4__bit,2,False,2026-09-06T00:35:15.076901+00:00,1.4654274843633175,4.57116,1.48181,1.75781,1.32861,0.384544,0.234615,1.67e-07,288,2016,3,3300917248,3290433598,10483650,298.773
xor,256,256,blosc-zstd,none,3,xor__256__256__blosc-zstd__none,2,False,2026-09-06T00:35:18.085621+00:00,3.0085834469646215,3.30703,7.19481,1.75781,0.254089,0.531538,0.183555,2.59e-07,576,7488,3,2729771008,2263632389,466138619,460.609
rand,256,8,blosc-lz4,byte,3,rand__256__8__blosc-lz4__byte,2,False,2026-09-06T00:35:19.081166+00:00,0.995413651689887,8.07668,1.04085,1.75781,1.75637,0.217641,0.151449,2.86e-07,576,7488,3,2092957696,2081918526,11039170,148.872
rand,1024,4,blosc-zstd,bit,3,rand__1024__4__blosc-zstd__bit,2,False,2026-09-06T00:35:20.962625+00:00,1.8813236616551876,1.91558,1.47763,1.75781,1.33237,0.91764,0.226034,1.98e-07,288,2016,3,3977576448,3511429509,466146939,831.573
rand,1024,64,blosc-zstd,byte,3,rand__1024__64__blosc-zstd__byte,2,False,2026-09-06T00:35:23.211117+00:00,2.248347546905279,1.61311,1.32442,1.75781,1.4865,1.08971,0.22972,2.86e-07,288,2016,3,4336189440,3868319109,467870331,1000.88
xor,1024,64,blosc-zstd,byte,3,xor__1024__64__blosc-zstd__byte,2,False,2026-09-06T00:35:26.465567+00:00,3.254316732287407,2.87841,12.8953,1.75781,0.152672,0.610689,0.225041,1.97e-07,288,2016,3,4336189440,3868319109,467870331,529.485
rand,1024,256,blosc-lz4,none,3,rand__1024__256__blosc-lz4__none,2,False,2026-09-06T00:35:27.592039+00:00,1.1263398360460997,7.47267,1.11927,1.75781,1.75896,0.235232,0.249932,1.8e-07,288,2016,3,2432696320,2421383230,11313090,139.882
xor,1024,512,blosc-lz4,none,3,xor__1024__512__blosc-lz4__none,2,False,2026-09-06T00:35:30.733204+00:00,3.1410330962389708,3.3414,2.81228,1.75781,0.700054,0.526071,0.232435,2.25e-07,288,2016,3,2413821952,2402485822,11336130,441.615
xor,256,4,blosc-lz4,bit,3,xor__256__4__blosc-lz4__bit,2,False,2026-09-06T00:35:33.266874+00:00,2.5335345286875963,10.1351,2.50416,1.75781,0.730034,0.173439,0.15346,1.63e-07,576,7488,3,2696937472,2686783038,10154434,71.1761
xor,1024,4,blosc-zstd,byte,3,xor__1024__4__blosc-zstd__byte,2,False,2026-09-06T00:35:36.454839+00:00,3.187835579738021,2.48556,3.55035,1.75781,0.554523,0.707209,0.227248,1.75e-07,288,2016,3,3977576448,3511429509,466146939,619.188
xor,256,0,zstd,none,0,xor__256__0__zstd__none,2,False,2026-09-06T00:35:39.443018+00:00,2.988043464720249,3.32213,7.19968,1.75781,0.253918,0.529123,0.149181,1.88e-07,576,7488,3,2576678912,2112629381,464049531,459.722
rand,1024,4,blosc-zstd,none,3,rand__1024__4__blosc-zstd__none,2,False,2026-09-06T00:35:41.708740+00:00,2.2655922919511795,1.60825,1.28168,1.75781,1.53607,1.093,0.231121,1.42e-07,288,2016,3,3675586560,3209439621,466146939,1004.81
xor,1024,0,lz4,none,1,xor__1024__0__lz4__none,2,False,2026-09-06T00:35:45.015092+00:00,3.3062148448079824,2.04408,2.86413,1.75781,0.687382,0.859953,0.237564,3.1e-07,288,2016,3,2101346304,2094581566,6764738,769.688
xor,256,64,blosc-lz4,bit,3,xor__256__64__blosc-lz4__bit,2,False,2026-09-06T00:35:47.729234+00:00,2.7140101809054613,9.54237,2.53693,1.75781,0.720604,0.184211,0.151487,2.27e-07,576,7488,3,1564475392,1552662078,11813314,110.45
rand,256,8,blosc-zstd,bit,3,rand__256__8__blosc-zstd__bit,2,False,2026-09-06T00:35:49.508615+00:00,1.779247373342514,1.9383,1.37894,1.75781,1.32575,0.906885,0.153582,2.37e-07,576,7488,3,2538930176,2074935173,463995003,840.073
rand,1024,1024,blosc-lz4,none,3,rand__1024__1024__blosc-lz4__none,2,False,2026-09-06T00:35:50.980346+00:00,1.4715984780341387,3.50491,1.11913,1.75781,1.75919,0.501528,0.227789,1.6e-07,288,2016,3,2405433344,2393034814,12398530,409.989
xor,1024,32,blosc-lz4,byte,3,xor__1024__32__blosc-lz4__byte,2,False,2026-09-06T00:35:53.774503+00:00,2.7940216530114412,10.4583,3.98582,1.75781,0.493938,0.168078,0.229143,2.97e-07,288,2016,3,2998927360,2988001342,10926018,79.2114
xor,1024,256,blosc-zstd,bit,3,xor__1024__256__blosc-zstd__bit,2,False,2026-09-06T00:35:56.641213+00:00,2.866587398573756,4.75279,190.301,1.75781,0.0103455,0.369849,0.234279,3.23e-07,288,2016,3,4336189440,3868155525,468033915,288.921
xor,1024,1024,blosc-zstd,none,3,xor__1024__1024__blosc-zstd__none,2,False,2026-09-06T00:36:00.134906+00:00,3.4935569874942303,2.7357,7.70845,1.75781,0.255402,0.642547,0.231197,2.5e-07,288,2016,3,4034199552,3566122437,468077115,556.953
xor,1024,16,blosc-zstd,byte,3,xor__1024__16__blosc-zstd__byte,2,False,2026-09-06T00:36:03.405719+00:00,3.2706783413887024,2.72451,7.91874,1.75781,0.248619,0.645185,0.226809,2.23e-07,288,2016,3,4044685312,3577084293,467601019,564.874
xor,1024,64,blosc-lz4,none,3,xor__1024__64__blosc-lz4__none,2,False,2026-09-06T00:36:06.093916+00:00,2.688048319891095,7.68277,2.33428,1.75781,0.843407,0.228799,0.235414,2.58e-07,288,2016,3,2545942528,2534795326,11147202,135.885
rand,1024,4,blosc-lz4,byte,3,rand__1024__4__blosc-lz4__byte,2,False,2026-09-06T00:36:07.261187+00:00,1.1671327706426382,10.1615,1.1186,1.75781,1.76001,0.172988,0.228878,1.52e-07,288,2016,3,5114953728,5105027134,9926594,78.8222
xor,1024,4,blosc-lz4,bit,3,xor__1024__4__blosc-lz4__bit,2,False,2026-09-06T00:36:09.889699+00:00,2.6283778250217438,10.6255,2.91099,1.75781,0.676315,0.165434,0.255366,2.89e-07,288,2016,3,5114953728,5105027134,9926594,69.956
rand,256,8,blosc-lz4,bit,3,rand__256__8__blosc-lz4__bit,2,False,2026-09-06T00:36:10.956918+00:00,1.0670674312859774,11.0354,1.37389,1.75781,1.33062,0.159289,0.146983,2.33e-07,576,7488,3,2092957696,2081918526,11039170,88.8581
xor,1024,32,blosc-lz4,bit,3,xor__1024__32__blosc-lz4__bit,2,False,2026-09-06T00:36:13.545122+00:00,2.5880740843713284,9.62405,2.64591,1.75781,0.744072,0.182648,0.225567,2.47e-07,288,2016,3,2998927360,2988001342,10926018,90.4516
xor,1024,128,blosc-zstd,none,3,xor__1024__128__blosc-zstd__none,2,False,2026-09-06T00:36:16.808995+00:00,3.2637451887130737,2.26546,7.1221,1.75781,0.276428,0.775918,0.252752,1.59e-07,288,2016,3,4034199552,3566223237,467976315,691.019
xor,1024,16,blosc-lz4,bit,3,xor__1024__16__blosc-lz4__bit,2,False,2026-09-06T00:36:19.733993+00:00,2.9248639047145844,9.96539,2.6904,1.75781,0.73177,0.176392,0.216119,1.83e-07,288,2016,3,3300917248,3290433598,10483650,82.652
xor,256,64,blosc-zstd,bit,3,xor__256__64__blosc-zstd__bit,3,False,2026-09-06T00:36:22.538433+00:00,2.804274309426546,4.55711,112.232,1.75781,0.0162888,0.385729,0.154462,2.69e-07,576,7488,3,2880765952,2414709125,466056827,296.868
rand,1024,32,blosc-lz4,bit,3,rand__1024__32__blosc-lz4__bit,3,False,2026-09-06T00:36:23.881309+00:00,1.3427449241280556,4.14837,1.48324,1.75781,1.32733,0.423736,0.226163,1.54e-07,288,2016,3,2998927360,2988001342,10926018,338.237
rand,256,32,blosc-lz4,bit,3,rand__256__32__blosc-lz4__bit,3,False,2026-09-06T00:36:25.244802+00:00,1.3633557092398405,4.38865,1.37734,1.75781,1.32728,0.400536,0.158535,2.28e-07,576,7488,3,1639972864,1628270142,11702722,333.448
rand,1024,16,blosc-lz4,none,3,rand__1024__16__blosc-lz4__none,3,False,2026-09-06T00:36:26.703336+00:00,1.4584005549550056,3.33642,1.1191,1.75781,1.75923,0.526855,0.220302,3.39e-07,288,2016,3,2998927360,2988443710,10483650,433.265
xor,256,64,blosc-zstd,none,3,xor__256__64__blosc-zstd__none,3,False,2026-09-06T00:36:30.119404+00:00,3.4159300662577152,2.3885,6.60527,1.75781,0.276768,0.735948,0.151015,1.49e-07,576,7488,3,2729771008,2263714181,466056827,662.883
rand,256,8,blosc-zstd,none,3,rand__256__8__blosc-zstd__none,3,False,2026-09-06T00:36:32.151470+00:00,2.031933259218931,1.72054,1.20496,1.75781,1.51717,1.02166,0.184739,2.39e-07,576,7488,3,2387935232,1923940229,463995003,951.823
xor,1024,512,blosc-lz4,byte,3,xor__1024__512__blosc-lz4__byte,3,False,2026-09-06T00:36:34.964157+00:00,2.8125526160001755,4.62733,4.6285,1.75781,0.425354,0.379876,0.223423,3e-07,288,2016,3,2715811840,2704475710,11336130,288.266
xor,256,4,blosc-lz4,bit,3,xor__256__4__blosc-lz4__bit,3,False,2026-09-06T00:36:37.545895+00:00,2.581606013700366,10.6292,2.50416,1.75781,0.730034,0.165376,0.172807,4.03e-07,576,7488,3,2696937472,2686783038,10154434,71.9602
rand,1024,128,blosc-zstd,bit,3,rand__1024__128__blosc-zstd__bit,3,False,2026-09-06T00:36:39.571335+00:00,2.0253085549920797,1.91146,1.49256,1.75781,1.31905,0.919618,0.229888,2.16e-07,288,2016,3,4336189440,3868213125,467976315,832.71
xor,256,256,blosc-zstd,bit,3,xor__256__256__blosc-zstd__bit,3,False,2026-09-06T00:36:42.462508+00:00,2.8910359479486942,3.59092,138.707,1.75781,0.0131798,0.489515,0.162859,5.18e-07,576,7488,3,2880765952,2414627333,466138619,420.674
xor,256,32,blosc-zstd,bit,3,xor__256__32__blosc-zstd__bit,3,False,2026-09-06T00:36:45.496617+00:00,3.033976774662733,6.66315,95.4645,1.75781,0.0191498,0.263811,0.161976,4.44e-07,576,7488,3,2685730816,2219598725,466132091,161.483
rand,256,32,blosc-lz4,byte,3,rand__256__32__blosc-lz4__byte,3,False,2026-09-06T00:36:46.911754+00:00,1.4150169920176268,3.30654,1.06348,1.75781,1.719,0.531617,0.190842,2.94e-07,576,7488,3,1639972864,1628270142,11702722,461.331
xor,256,8,blosc-zstd,bit,3,xor__256__8__blosc-zstd__bit,3,False,2026-09-06T00:36:49.726853+00:00,2.8149602338671684,4.25201,45.563,1.75781,0.040123,0.413407,0.158768,3.91e-07,576,7488,3,2538930176,2074935173,463995003,328.83
rand,1024,512,blosc-lz4,byte,3,rand__1024__512__blosc-lz4__byte,3,False,2026-09-06T00:36:51.264682+00:00,1.537694651633501,3.43237,1.19191,1.75781,1.65176,0.512128,0.230966,3.32e-07,288,2016,3,2715811840,2704475710,11336130,422.002
xor,1024,32,blosc-zstd,bit,3,xor__1024__32__blosc-zstd__bit,3,False,2026-09-06T00:36:54.257489+00:00,2.992670029401779,5.0491,106.653,1.75781,0.0184593,0.348144,0.221506,2.89e-07,288,2016,3,4141154304,3673526661,467627643,246.781
xor,1024,512,blosc-lz4,none,3,xor__1024__512__blosc-lz4__none,3,False,2026-09-06T00:36:57.287217+00:00,3.0295933727174997,3.27084,2.81228,1.75781,0.700054,0.537419,0.244642,2.38e-07,288,2016,3,2413821952,2402485822,11336130,444.736
rand,1024,512,blosc-lz4,none,3,rand__1024__512__blosc-lz4__none,3,False,2026-09-06T00:36:58.470831+00:00,1.1834822352975607,5.44671,1.1191,1.75781,1.75923,0.322729,0.229007,2.84e-07,288,2016,3,2413821952,2402485822,11336130,229.929
rand,256,8,blosc-lz4,bit,3,rand__256__8__blosc-lz4__bit,3,False,2026-09-06T00:36:59.444851+00:00,0.9738865401595831,10.898,1.37389,1.75781,1.33062,0.161296,0.150314,1.93e-07,576,7488,3,2092957696,2081918526,11039170,88.7429
rand,1024,1024,blosc-zstd,bit,3,rand__1024__1024__blosc-zstd__bit,3,False,2026-09-06T00:37:00.965625+00:00,1.5206433981657028,3.1373,1.49292,1.75781,1.31873,0.560295,0.225277,2.87e-07,288,2016,3,4336189440,3868112325,468077115,474.253
rand,256,256,blosc-zstd,bit,3,rand__256__256__blosc-zstd__bit,3,False,2026-09-06T00:37:02.409395+00:00,1.4436228554695845,2.92581,1.38553,1.75781,1.31944,0.600796,0.147996,2.54e-07,576,7488,3,2880765952,2414627333,466138619,531.867
rand,256,0,lz4,none,1,rand__256__0__lz4__none,3,False,2026-09-06T00:37:03.645682+00:00,1.2361578438431025,5.89536,1.03574,1.75781,1.76504,0.298169,0.153131,2.13e-07,576,7488,3,1203765248,1195703358,8061890,230.57
rand,256,0,zstd,none,0,rand__256__0__zstd__none,3,False,2026-09-06T00:37:05.096212+00:00,1.4503962229937315,2.82394,1.21453,1.75781,1.50521,0.622468,0.151015,3.52e-07,576,7488,3,2576678912,2112629381,464049531,551.319
rand,256,256,blosc-lz4,bit,3,rand__256__256__blosc-lz4__bit,3,False,2026-09-06T00:37:06.296276+00:00,1.1999359596520662,5.66587,1.37832,1.75781,1.32635,0.310246,0.152387,1.98e-07,576,7488,3,1507852288,1495956030,11896258,241.485
xor,256,128,blosc-lz4,byte,3,xor__256__128__blosc-lz4__byte,3,False,2026-09-06T00:37:09.123079+00:00,2.8266717363148928,7.9781,4.529,1.75781,0.403648,0.22033,0.158424,1.92e-07,576,7488,3,1526726656,1514858046,11868610,150.057
xor,1024,8,blosc-zstd,byte,3,xor__1024__8__blosc-zstd__byte,3,False,2026-09-06T00:37:12.251932+00:00,3.128713456913829,2.837,5.34881,1.75781,0.368073,0.619604,0.25098,2.82e-07,288,2016,3,3996450816,3530770821,465679995,530.479
xor,1024,64,blosc-lz4,none,3,xor__1024__64__blosc-lz4__none,3,False,2026-09-06T00:37:15.255972+00:00,3.0039047077298164,7.59143,2.33428,1.75781,0.843407,0.231552,0.226027,1.59e-07,288,2016,3,2545942528,2534795326,11147202,137.546
rand,1024,0,lz4,none,1,rand__1024__0__lz4__none,3,False,2026-09-06T00:37:16.667198+00:00,1.4110936280339956,3.57473,1.11529,1.75781,1.76523,0.491733,0.240241,2.34e-07,288,2016,3,2101346304,2094581566,6764738,400.661
rand,1024,8,blosc-lz4,none,3,rand__1024__8__blosc-lz4__none,3,False,2026-09-06T00:37:17.848957+00:00,1.1816281955689192,7.90089,1.11892,1.75781,1.75951,0.222483,0.225827,2.68e-07,288,2016,3,3602907136,3593308222,9598914,128.66
xor,1024,1024,blosc-lz4,byte,3,xor__1024__1024__blosc-lz4__byte,3,False,2026-09-06T00:37:20.888070+00:00,3.0389791447669268,2.99713,4.82951,1.75781,0.40765,0.586498,0.230843,1.96e-07,288,2016,3,2707423232,2695024702,12398530,496.429
rand,1024,32,blosc-lz4,byte,3,rand__1024__32__blosc-lz4__byte,3,False,2026-09-06T00:37:22.506428+00:00,1.6182224582880735,2.96708,1.14525,1.75781,1.71906,0.592438,0.219711,2.46e-07,288,2016,3,2998927360,2988001342,10926018,497.313
xor,256,4,blosc-lz4,byte,3,xor__256__4__blosc-lz4__byte,3,False,2026-09-06T00:37:25.122041+00:00,2.6154773719608784,10.3394,2.77142,1.75781,0.659634,0.170011,0.160001,2.91e-07,576,7488,3,2696937472,2686783038,10154434,59.7547
xor,1024,8,blosc-lz4,none,3,xor__1024__8__blosc-lz4__none,3,False,2026-09-06T00:37:27.767719+00:00,2.6455472204834223,8.53671,1.76662,1.75781,1.11441,0.205912,0.228612,3.16e-07,288,2016,3,3602907136,3593308222,9598914,107.276
xor,256,64,blosc-lz4,bit,3,xor__256__64__blosc-lz4__bit,3,False,2026-09-06T00:37:30.329292+00:00,2.561434905976057,9.56955,2.53693,1.75781,0.720604,0.183688,0.159009,1.5e-07,576,7488,3,1564475392,1552662078,11813314,110.917
xor,1024,16,blosc-zstd,bit,3,xor__1024__16__blosc-zstd__bit,3,False,2026-09-06T00:37:33.229072+00:00,2.8996413201093674,6.89093,78.1727,1.75781,0.0251846,0.255091,0.218656,2.01e-07,288,2016,3,4044685312,3577084293,467601019,161.573
rand,1024,16,blosc-zstd,bit,3,rand__1024__16__blosc-zstd__bit,3,False,2026-09-06T00:37:35.091923+00:00,1.8627282418310642,2.18122,1.48904,1.75781,1.32216,0.805883,0.220467,2.78e-07,288,2016,3,4044685312,3577084293,467601019,721.135
rand,256,256,blosc-lz4,byte,3,rand__256__256__blosc-lz4__byte,3,False,2026-09-06T00:37:36.400727+00:00,1.3086729943752289,3.62429,1.10139,1.75781,1.65984,0.485009,0.182347,2.6e-07,576,7488,3,1507852288,1495956030,11896258,414.821
xor,256,8,blosc-zstd,byte,3,xor__256__8__blosc-zstd__byte,3,False,2026-09-06T00:37:39.374219+00:00,2.9733530580997467,3.39349,7.20606,1.75781,0.253693,0.517996,0.171523,2.05e-07,576,7488,3,2538930176,2074935173,463995003,445.939
rand,1024,4,blosc-lz4,bit,3,rand__1024__4__blosc-lz4__bit,3,False,2026-09-06T00:37:40.534881+00:00,1.1605299357324839,10.532,1.47469,1.75781,1.33502,0.166903,0.2365,1.85e-07,288,2016,3,5114953728,5105027134,9926594,63.0175
rand,1024,256,blosc-lz4,bit,3,rand__1024__256__blosc-lz4__bit,3,False,2026-09-06T00:37:41.843717+00:00,1.3087017051875591,7.17483,1.48431,1.75781,1.32637,0.244997,0.234929,2.85e-07,288,2016,3,2734686208,2723373118,11313090,158.667
xor,256,32,blosc-zstd,none,3,xor__256__32__blosc-zstd__none,3,False,2026-09-06T00:37:45.139698+00:00,3.2958452329039574,2.15459,6.0227,1.75781,0.303539,0.815844,0.153577,1.67e-07,576,7488,3,2534735872,2068603781,466132091,745.005
xor,256,8,blosc-lz4,none,3,xor__256__8__blosc-lz4__none,3,False,2026-09-06T00:37:47.656163+00:00,2.5163281727582216,9.5977,1.91453,1.75781,0.954868,0.183149,0.14694,1.5e-07,576,7488,3,1941962752,1930923582,11039170,106.348
xor,1024,1024,blosc-lz4,bit,3,xor__1024__1024__blosc-lz4__bit,3,False,2026-09-06T00:37:50.332881+00:00,2.676586477085948,7.95979,131.022,1.75781,0.0150261,0.220836,0.234538,1.72e-07,288,2016,3,2707423232,2695024702,12398530,139.269
rand,1024,64,blosc-zstd,none,3,rand__1024__64__blosc-zstd__none,3,False,2026-09-06T00:37:52.497311+00:00,2.164294419810176,1.6187,1.30812,1.75781,1.50503,1.08594,0.22545,1.98e-07,288,2016,3,4034199552,3566329221,467870331,998.484
rand,256,128,blosc-zstd,byte,3,rand__256__128__blosc-zstd__byte,3,False,2026-09-06T00:37:54.546484+00:00,2.0490368846803904,1.57275,1.347,1.75781,1.35718,1.11767,0.151112,2.8e-07,576,7488,3,2880765952,2414656133,466109819,1053.23
xor,1024,4,blosc-zstd,bit,3,xor__1024__4__blosc-zstd__bit,3,False,2026-09-06T00:37:57.497710+00:00,2.951094549149275,5.32391,36.2122,1.75781,0.0543671,0.330173,0.224912,3.26e-07,288,2016,3,3977576448,3511429509,466146939,249.053
rand,1024,256,blosc-zstd,bit,3,rand__1024__256__blosc-zstd__bit,3,False,2026-09-06T00:37:59.342599+00:00,1.8447426036000252,1.94032,1.49261,1.75781,1.319,0.905938,0.223462,1.53e-07,288,2016,3,4336189440,3868155525,468033915,817.826
xor,256,256,blosc-lz4,bit,3,xor__256__256__blosc-lz4__bit,3,False,2026-09-06T00:38:01.959477+00:00,2.616742469370365,7.09258,9.0188,1.75781,0.202702,0.247838,0.163971,1.63e-07,576,7488,3,1507852288,1495956030,11896258,177.133
rand,1024,4,blosc-zstd,none,3,rand__1024__4__blosc-zstd__none,3,False,2026-09-06T00:38:04.316116+00:00,2.3565045595169067,1.40049,1.28168,1.75781,1.53607,1.25514,0.225929,3.43e-07,288,2016,3,3675586560,3209439621,466146939,1159.99
rand,256,64,blosc-lz4,byte,3,rand__256__64__blosc-lz4__byte,3,False,2026-09-06T00:38:05.631355+00:00,1.3151025380939245,3.83862,1.0801,1.75781,1.69256,0.457929,0.159594,2.42e-07,576,7488,3,1564475392,1552662078,11813314,389.166
xor,1024,8,blosc-lz4,bit,3,xor__1024__8__blosc-lz4__bit,3,False,2026-09-06T00:38:08.439594+00:00,2.8081128764897585,10.2989,2.79932,1.75781,0.703297,0.170679,0.244205,3.4e-07,288,2016,3,3904897024,3895298110,9598914,74.0278
rand,256,256,blosc-lz4,none,3,rand__256__256__blosc-lz4__none,3,False,2026-09-06T00:38:09.727600+00:00,1.2878711260855198,5.6881,1.03917,1.75781,1.75921,0.309033,0.157372,2.6e-07,576,7488,3,1356857344,1344961086,11896258,237.964
xor,1024,1024,blosc-zstd,bit,3,xor__1024__1024__blosc-zstd__bit,3,False,2026-09-06T00:38:12.712663+00:00,2.9849296920001507,3.53284,360.654,1.75781,0.00545883,0.497564,0.226465,3.05e-07,288,2016,3,4336189440,3868112325,468077115,411.33
rand,256,256,blosc-zstd,none,3,rand__256__256__blosc-zstd__none,3,False,2026-09-06T00:38:14.605645+00:00,1.8928288407623768,2.45705,1.21446,1.75781,1.5053,0.715416,0.154202,2.93e-07,576,7488,3,2729771008,2263632389,466138619,647.542
rand,1024,16,blosc-zstd,none,3,rand__1024__16__blosc-zstd__none,3,False,2026-09-06T00:38:16.593931+00:00,1.9881410542875528,1.75994,1.30418,1.75781,1.50957,0.998789,0.239082,1.58e-07,288,2016,3,3742695424,3275094405,467601019,910.433
xor,1024,256,blosc-zstd,none,3,xor__1024__256__blosc-zstd__none,3,False,2026-09-06T00:38:19.662249+00:00,3.0681804548949003,3.41103,7.44448,1.75781,0.264458,0.515331,0.226868,3.04e-07,288,2016,3,4034199552,3566165637,468033915,430.128
xor,256,128,blosc-zstd,bit,3,xor__256__128__blosc-zstd__bit,3,False,2026-09-06T00:38:22.334717+00:00,2.672333685681224,6.49501,121.386,1.75781,0.0150604,0.270641,0.16235,1.53e-07,576,7488,3,2880765952,2414656133,466109819,193.159
rand,256,32,blosc-zstd,bit,3,rand__256__32__blosc-zstd__bit,3,False,2026-09-06T00:38:24.214682+00:00,1.8798360079526901,1.90496,1.38407,1.75781,1.32083,0.922757,0.151188,5.22e-07,576,7488,3,2685730816,2219598725,466132091,856.442
xor,1024,16,blosc-lz4,bit,3,xor__1024__16__blosc-lz4__bit,3,False,2026-09-06T00:38:26.882167+00:00,2.6673408914357424,9.93896,2.6904,1.75781,0.73177,0.176861,0.250899,1.46e-07,288,2016,3,3300917248,3290433598,10483650,83.0587
rand,256,8,blosc-zstd,byte,3,rand__256__8__blosc-zstd__byte,3,False,2026-09-06T00:38:28.928871+00:00,2.046570187434554,1.57709,1.20419,1.75781,1.51814,1.11459,0.145864,2.78e-07,576,7488,3,2538930176,2074935173,463995003,1047.4
rand,256,128,blosc-zstd,bit,3,rand__256__128__blosc-zstd__bit,3,False,2026-09-06T00:38:30.785172+00:00,1.8561666831374168,1.94692,1.38553,1.75781,1.31944,0.90287,0.150973,1.78e-07,576,7488,3,2880765952,2414656133,466109819,834.362
rand,1024,16,blosc-lz4,bit,3,rand__1024__16__blosc-lz4__bit,3,False,2026-09-06T00:38:32.029029+00:00,1.2437235079705715,4.5856,1.48181,1.75781,1.32861,0.383334,0.22263,1.84e-07,288,2016,3,3300917248,3290433598,10483650,297.256
xor,1024,64,blosc-zstd,bit,3,xor__1024__64__blosc-zstd__bit,3,False,2026-09-06T00:38:34.820090+00:00,2.790931796655059,6.33411,125.296,1.75781,0.0157127,0.277515,0.225951,1.55e-07,288,2016,3,4336189440,3868319109,467870331,176.205
rand,1024,8,blosc-zstd,byte,3,rand__1024__8__blosc-zstd__byte,3,False,2026-09-06T00:38:37.024983+00:00,2.2047606837004423,1.6132,1.29675,1.75781,1.51822,1.08964,0.25806,1.61e-07,288,2016,3,3996450816,3530770821,465679995,992.107
rand,1024,4,blosc-lz4,none,3,rand__1024__4__blosc-lz4__none,3,False,2026-09-06T00:38:38.203233+00:00,1.1781131401658058,10.4058,1.1186,1.75781,1.76001,0.168926,0.229325,2.13e-07,288,2016,3,4812963840,4803037246,9926594,70.7029
rand,1024,128,blosc-lz4,none,3,rand__1024__128__blosc-lz4__none,3,False,2026-09-06T00:38:39.674602+00:00,1.4712317194789648,3.58542,1.11927,1.75781,1.75896,0.490267,0.215465,2.88e-07,288,2016,3,2470445056,2459187262,11257794,398.341
rand,256,64,blosc-zstd,byte,3,rand__256__64__blosc-zstd__byte,3,False,2026-09-06T00:38:41.913199+00:00,2.2384623028337955,1.4162,1.22949,1.75781,1.4869,1.24122,0.154353,1.55e-07,576,7488,3,2880765952,2414709125,466056827,1171.38
xor,1024,64,blosc-lz4,byte,3,xor__1024__64__blosc-lz4__byte,3,False,2026-09-06T00:38:44.680328+00:00,2.7669922430068254,9.50712,4.2538,1.75781,0.462822,0.184894,0.226832,2.38e-07,288,2016,3,2847932416,2836785214,11147202,94.6281
xor,1024,16,blosc-lz4,none,3,xor__1024__16__blosc-lz4__none,3,False,2026-09-06T00:38:47.331240+00:00,2.6507745031267405,8.26685,2.07115,1.75781,0.950558,0.212634,0.228858,1.93e-07,288,2016,3,2998927360,2988443710,10483650,116.071
xor,256,8,blosc-lz4,byte,3,xor__256__8__blosc-lz4__byte,3,False,2026-09-06T00:38:49.878382+00:00,2.547009823843837,10.1963,3.27963,1.75781,0.557419,0.172398,0.162008,2.05e-07,576,7488,3,2092957696,2081918526,11039170,65.1917
xor,1024,256,blosc-lz4,byte,3,xor__1024__256__blosc-lz4__byte,3,False,2026-09-06T00:38:52.731332+00:00,2.852818366140127,7.02311,4.49346,1.75781,0.438137,0.25029,0.257856,2.42e-07,288,2016,3,2734686208,2723373118,11313090,162.219
xor,256,4,blosc-zstd,bit,3,xor__256__4__blosc-zstd__bit,3,False,2026-09-06T00:38:55.461050+00:00,2.7295813262462616,5.31428,32.105,1.75781,0.056942,0.330772,0.148718,1.95e-07,576,7488,3,2517958656,2053050245,464908411,258.94
rand,256,16,blosc-zstd,byte,3,rand__256__16__blosc-zstd__byte,3,False,2026-09-06T00:38:57.319262+00:00,1.8580766376107931,1.73703,1.21518,1.75781,1.50441,1.01196,0.151177,2.83e-07,576,7488,3,2587164672,2122520453,464644219,941.438
rand,1024,16,blosc-zstd,byte,3,rand__1024__16__blosc-zstd__byte,3,False,2026-09-06T00:38:59.324893+00:00,2.0054965652525425,1.65229,1.3089,1.75781,1.50412,1.06387,0.220794,1.56e-07,288,2016,3,4044685312,3577084293,467601019,972.481
rand,1024,1024,blosc-lz4,byte,3,rand__1024__1024__blosc-lz4__byte,3,False,2026-09-06T00:39:01.032855+00:00,1.7078273352235556,2.10223,1.19395,1.75781,1.64893,0.836167,0.220746,2.66e-07,288,2016,3,2707423232,2695024702,12398530,744.367
xor,256,256,blosc-zstd,byte,3,xor__256__256__blosc-zstd__byte,3,False,2026-09-06T00:39:03.976343+00:00,2.9433484841138124,3.33077,16.1821,1.75781,0.112972,0.527749,0.162244,3.41e-07,576,7488,3,2880765952,2414627333,466138619,457.238
rand,1024,32,blosc-zstd,bit,3,rand__1024__32__blosc-zstd__bit,3,False,2026-09-06T00:39:05.887649+00:00,1.9111752081662416,2.16772,1.49085,1.75781,1.32056,0.810905,0.228994,2.41e-07,288,2016,3,4141154304,3673526661,467627643,723.949
xor,1024,512,blosc-zstd,none,3,xor__1024__512__blosc-zstd__none,3,False,2026-09-06T00:39:09.112460+00:00,3.2246580347418785,2.68395,7.65153,1.75781,0.257301,0.654934,0.270804,1.49e-07,288,2016,3,4034199552,3566136837,468062715,569.989
xor,1024,128,blosc-lz4,bit,3,xor__1024__128__blosc-lz4__bit,3,False,2026-09-06T00:39:12.032220+00:00,2.9196266792714596,8.79885,4.14385,1.75781,0.475101,0.199777,0.224189,2.8e-07,288,2016,3,2772434944,2761177150,11257794,110.919
xor,1024,16,blosc-zstd,none,3,xor__1024__16__blosc-zstd__none,3,False,2026-09-06T00:39:15.440340+00:00,3.4079863615334034,1.97669,4.86667,1.75781,0.404537,0.88927,0.227574,2.88e-07,288,2016,3,3742695424,3275094405,467601019,802.011
rand,256,256,blosc-zstd,byte,3,rand__256__256__blosc-zstd__byte,3,False,2026-09-06T00:39:17.194105+00:00,1.7536345589905977,2.36045,1.34241,1.75781,1.36182,0.744693,0.155808,1.76e-07,576,7488,3,2880765952,2414627333,466138619,676.402
xor,256,4,blosc-zstd,none,3,xor__256__4__blosc-zstd__none,3,False,2026-09-06T00:39:20.615926+00:00,3.4216879196465015,1.75925,3.75262,1.75781,0.48716,0.999185,0.159517,6.1e-07,576,7488,3,2366963712,1902055301,464908411,926.268
xor,1024,128,blosc-zstd,byte,3,xor__1024__128__blosc-zstd__byte,3,False,2026-09-06T00:39:23.680737+00:00,3.064686281606555,3.23064,14.2967,1.75781,0.137707,0.544106,0.261699,5.05e-07,288,2016,3,4336189440,3868213125,467976315,459.301
xor,256,4,blosc-lz4,none,3,xor__256__4__blosc-lz4__none,3,False,2026-09-06T00:39:26.229994+00:00,2.549108339473605,9.75016,1.6735,1.75781,1.0924,0.180285,0.181607,1.5e-07,576,7488,3,2545942528,2535788094,10154434,93.1644
rand,256,32,blosc-lz4,none,3,rand__256__32__blosc-lz4__none,3,False,2026-09-06T00:39:27.618649+00:00,1.3885211180895567,3.5025,1.03931,1.75781,1.75899,0.501873,0.156608,1.48e-07,576,7488,3,1488977920,1477275198,11702722,430.292
xor,1024,256,blosc-zstd,byte,3,xor__1024__256__blosc-zstd__byte,3,False,2026-09-06T00:39:30.777867+00:00,3.159068640321493,3.57391,15.1985,1.75781,0.129536,0.491846,0.225355,3.38e-07,288,2016,3,4336189440,3868155525,468033915,406.754
rand,256,128,blosc-zstd,none,3,rand__256__128__blosc-zstd__none,3,False,2026-09-06T00:39:32.852974+00:00,2.0749695636332035,1.65094,1.2144,1.75781,1.50537,1.06473,0.153338,2.58e-07,576,7488,3,2729771008,2263661189,466109819,993.559
xor,256,128,blosc-lz4,bit,3,xor__256__128__blosc-lz4__bit,3,False,2026-09-06T00:39:35.637523+00:00,2.7844166718423367,7.19818,3.79758,1.75781,0.481392,0.244202,0.15688,1.9e-07,576,7488,3,1526726656,1514858046,11868610,170.105
rand,1024,32,blosc-lz4,none,3,rand__1024__32__blosc-lz4__none,3,False,2026-09-06T00:39:37.217507+00:00,1.579848974943161,3.09516,1.11918,1.75781,1.75909,0.567922,0.234648,4.32e-07,288,2016,3,2696937472,2686011454,10926018,474.791
xor,1024,16,blosc-zstd,byte,3,xor__1024__16__blosc-zstd__byte,3,False,2026-09-06T00:39:40.257892+00:00,3.0402529537677765,3.23006,7.91874,1.75781,0.248619,0.544204,0.24371,2.64e-07,288,2016,3,4044685312,3577084293,467601019,456.023
rand,1024,1024,blosc-lz4,none,3,rand__1024__1024__blosc-lz4__none,3,False,2026-09-06T00:39:41.639728+00:00,1.3817008547484875,3.48633,1.11913,1.75781,1.75919,0.504201,0.220215,2.14e-07,288,2016,3,2405433344,2393034814,12398530,410.518
rand,1024,512,blosc-zstd,none,3,rand__1024__512__blosc-zstd__none,3,False,2026-09-06T00:39:43.396064+00:00,1.7561902720481157,2.58711,1.30822,1.75781,1.50491,0.679451,0.227805,3.06e-07,288,2016,3,4034199552,3566136837,468062715,590
xor,1024,0,lz4,none,1,xor__1024__0__lz4__none,3,False,2026-09-06T00:39:46.723908+00:00,3.327711472287774,1.99965,2.86413,1.75781,0.687382,0.879059,0.245352,2.21e-07,288,2016,3,2101346304,2094581566,6764738,784.143
rand,1024,8,blosc-lz4,bit,3,rand__1024__8__blosc-lz4__bit,3,False,2026-09-06T00:39:47.936007+00:00,1.2119668871164322,9.9721,1.47931,1.75781,1.33086,0.176273,0.225594,3.17e-07,288,2016,3,3904897024,3895298110,9598914,88.1932
xor,256,256,blosc-lz4,none,3,xor__256__256__blosc-lz4__none,3,False,2026-09-06T00:39:50.912062+00:00,2.975922415032983,3.05228,2.17014,1.75781,0.8424,0.575901,0.17393,8.6e-07,576,7488,3,1356857344,1344961086,11896258,499.433
xor,256,16,blosc-zstd,none,3,xor__256__16__blosc-zstd__none,3,False,2026-09-06T00:39:54.219957+00:00,3.3077652268111706,2.30229,5.42517,1.75781,0.336971,0.763505,0.158612,2.77e-07,576,7488,3,2436169728,1971525509,464644219,689.919
rand,1024,32,blosc-zstd,none,3,rand__1024__32__blosc-zstd__none,3,False,2026-09-06T00:39:56.305282+00:00,2.0851917769759893,1.73047,1.3068,1.75781,1.50655,1.0158,0.236028,1.73e-07,288,2016,3,3839164416,3371536773,467627643,925.25
xor,256,16,blosc-lz4,bit,3,xor__256__16__blosc-lz4__bit,3,False,2026-09-06T00:39:58.981690+00:00,2.6762697771191597,9.91315,2.40546,1.75781,0.759991,0.177321,0.154741,2.35e-07,576,7488,3,1790967808,1779486270,11481538,83.711
xor,1024,64,blosc-lz4,bit,3,xor__1024__64__blosc-lz4__bit,3,False,2026-09-06T00:40:01.649297+00:00,2.6674758661538363,8.97455,2.73165,1.75781,0.720718,0.195866,0.228068,2.41e-07,288,2016,3,2847932416,2836785214,11147202,104.523
rand,1024,64,blosc-lz4,none,3,rand__1024__64__blosc-lz4__none,3,False,2026-09-06T00:40:03.241036+00:00,1.5916025452315807,3.07894,1.11924,1.75781,1.759,0.570914,0.219005,2.39e-07,288,2016,3,2545942528,2534795326,11147202,477.503
rand,1024,512,blosc-zstd,byte,3,rand__1024__512__blosc-zstd__byte,3,False,2026-09-06T00:40:04.942649+00:00,1.7014783266931772,2.24098,1.4424,1.75781,1.36491,0.784396,0.226868,2.51e-07,288,2016,3,4336189440,3868126725,468062715,697.103
rand,256,32,blosc-zstd,byte,3,rand__256__32__blosc-zstd__byte,3,False,2026-09-06T00:40:07.088232+00:00,2.1454255040735006,1.53546,1.22284,1.75781,1.49498,1.14481,0.15517,2.78e-07,576,7488,3,2685730816,2219598725,466132091,1073.83
rand,1024,0,zstd,none,0,rand__1024__0__zstd__none,3,False,2026-09-06T00:40:08.986800+00:00,1.8984298314899206,2.15001,1.30841,1.75781,1.50469,0.817584,0.218787,2.61e-07,288,2016,3,3730112512,3264159621,465952891,726.262
rand,1024,8,blosc-zstd,none,3,rand__1024__8__blosc-zstd__none,3,False,2026-09-06T00:40:11.197589+00:00,2.2106519769877195,1.57808,1.29773,1.75781,1.51707,1.11389,0.223133,1.69e-07,288,2016,3,3694460928,3228780933,465679995,1019.81
xor,256,128,blosc-zstd,none,3,xor__256__128__blosc-zstd__none,3,False,2026-09-06T00:40:14.295928+00:00,3.0982044115662575,3.62525,6.97572,1.75781,0.26207,0.484881,0.151246,1.71e-07,576,7488,3,2729771008,2263661189,466109819,413.122
xor,1024,4,blosc-lz4,bit,3,xor__1024__4__blosc-lz4__bit,3,False,2026-09-06T00:40:17.054224+00:00,2.758156305179,10.6244,2.91099,1.75781,0.676315,0.16545,0.254598,3.46e-07,288,2016,3,5114953728,5105027134,9926594,70.3159
xor,256,128,blosc-lz4,none,3,xor__256__128__blosc-lz4__none,3,False,2026-09-06T00:40:19.791753+00:00,2.737395916134119,5.03106,2.1588,1.75781,0.846825,0.349392,0.154791,1.66e-07,576,7488,3,1375731712,1363863102,11868610,271.881
rand,1024,1024,blosc-zstd,byte,3,rand__1024__1024__blosc-zstd__byte,3,False,2026-09-06T00:40:21.543799+00:00,1.7518997229635715,2.23496,1.44037,1.75781,1.36684,0.786507,0.218236,2.66e-07,288,2016,3,4336189440,3868112325,468077115,701.303
xor,1024,1024,blosc-zstd,byte,3,xor__1024__1024__blosc-zstd__byte,3,False,2026-09-06T00:40:24.582130+00:00,3.038193328306079,3.58904,16.0552,1.75781,0.122623,0.489772,0.247947,2.21e-07,288,2016,3,4336189440,3868112325,468077115,412.56
rand,256,8,blosc-lz4,none,3,rand__256__8__blosc-lz4__none,3,False,2026-09-06T00:40:25.697068+00:00,1.1147992610931396,8.73005,1.03921,1.75781,1.75915,0.201352,0.152292,1.47e-07,576,7488,3,1941962752,1930923582,11039170,129.072
xor,1024,8,blosc-lz4,byte,3,xor__1024__8__blosc-lz4__byte,3,False,2026-09-06T00:40:28.339712+00:00,2.642504161223769,10.5294,3.00687,1.75781,0.654751,0.166944,0.22545,2.76e-07,288,2016,3,3904897024,3895298110,9598914,66.3184
rand,1024,128,blosc-zstd,byte,3,rand__1024__128__blosc-zstd__byte,3,False,2026-09-06T00:40:30.480115+00:00,2.140265727415681,1.4984,1.45104,1.75781,1.35679,1.17313,0.220136,1.5e-07,288,2016,3,4336189440,3868213125,467976315,1084.22
xor,256,16,blosc-lz4,byte,3,xor__256__16__blosc-lz4__byte,3,False,2026-09-06T00:40:33.233436+00:00,2.7531873509287834,10.8286,3.63556,1.75781,0.502846,0.162331,0.15422,2.13e-07,576,7488,3,1790967808,1779486270,11481538,71.8643
xor,1024,256,blosc-lz4,bit,3,xor__1024__256__blosc-lz4__bit,3,False,2026-09-06T00:40:35.871051+00:00,2.63747969456017,8.40406,10.0901,1.75781,0.195118,0.209162,0.224766,2.39e-07,288,2016,3,2734686208,2723373118,11313090,125.301
xor,1024,32,blosc-lz4,none,3,xor__1024__32__blosc-lz4__none,3,False,2026-09-06T00:40:38.622817+00:00,2.7516309060156345,8.37504,2.2495,1.75781,0.875195,0.209887,0.322103,6.15e-07,288,2016,3,2696937472,2686011454,10926018,115.865
xor,1024,16,blosc-lz4,byte,3,xor__1024__16__blosc-lz4__byte,3,False,2026-09-06T00:40:41.390151+00:00,2.767191108316183,10.4765,3.59073,1.75781,0.548286,0.167787,0.2248,1.82e-07,288,2016,3,3300917248,3290433598,10483650,77.2958
rand,256,4,blosc-lz4,byte,3,rand__256__4__blosc-lz4__byte,3,False,2026-09-06T00:40:42.371815+00:00,0.9815279971808195,10.6579,1.03908,1.75781,1.75938,0.164931,0.148524,2.27e-07,576,7488,3,2696937472,2686783038,10154434,77.0645
xor,256,128,blosc-zstd,byte,3,xor__256__128__blosc-zstd__byte,3,False,2026-09-06T00:40:45.277251+00:00,2.9053029026836157,5.0267,15.1082,1.75781,0.121002,0.349695,0.149974,4.05e-07,576,7488,3,2880765952,2414656133,466109819,281.265
rand,1024,64,blosc-lz4,byte,3,rand__1024__64__blosc-lz4__byte,3,False,2026-09-06T00:40:46.732753+00:00,1.4553683791309595,2.90229,1.16312,1.75781,1.69265,0.605665,0.222106,3.35e-07,288,2016,3,2847932416,2836785214,11147202,513.625
rand,1024,256,blosc-zstd,byte,3,rand__1024__256__blosc-zstd__byte,3,False,2026-09-06T00:40:48.952116+00:00,2.2192215621471405,1.53821,1.44589,1.75781,1.36162,1.14276,0.219885,1.97e-07,288,2016,3,4336189440,3868155525,468033915,1047.27
xor,256,256,blosc-lz4,byte,3,xor__256__256__blosc-lz4__byte,3,False,2026-09-06T00:40:51.715571+00:00,2.7633188366889954,5.22475,4.59347,1.75781,0.397984,0.336439,0.150546,1.37e-07,576,7488,3,1507852288,1495956030,11896258,265.754
xor,1024,8,blosc-zstd,none,3,xor__1024__8__blosc-zstd__none,3,False,2026-09-06T00:40:55.101497+00:00,3.3858005572110415,2.11024,3.96135,1.75781,0.49699,0.832993,0.24856,2.27e-07,288,2016,3,3694460928,3228780933,465679995,742.733
xor,1024,4,blosc-zstd,byte,3,xor__1024__4__blosc-zstd__byte,3,False,2026-09-06T00:40:58.592318+00:00,3.4906801134347916,2.47792,3.55035,1.75781,0.554523,0.709391,0.225197,1.92e-07,288,2016,3,3977576448,3511429509,466146939,621.649
xor,1024,32,blosc-lz4,bit,3,xor__1024__32__blosc-lz4__bit,3,False,2026-09-06T00:41:01.352596+00:00,2.7601431105285883,9.43529,2.64591,1.75781,0.744072,0.186302,0.224997,3.41e-07,288,2016,3,2998927360,2988001342,10926018,91.9341
rand,1024,4,blosc-lz4,byte,3,rand__1024__4__blosc-lz4__byte,3,False,2026-09-06T00:41:02.425193+00:00,1.072462573647499,10.0194,1.1186,1.75781,1.76001,0.175441,0.252041,2.41e-07,288,2016,3,5114953728,5105027134,9926594,78.8937
rand,1024,8,blosc-zstd,bit,3,rand__1024__8__blosc-zstd__bit,3,False,2026-09-06T00:41:04.323049+00:00,1.8977205958217382,2.05039,1.48508,1.75781,1.32568,0.857307,0.238213,3.98e-07,288,2016,3,3996450816,3530770821,465679995,768.913
rand,256,16,blosc-lz4,none,3,rand__256__16__blosc-lz4__none,3,False,2026-09-06T00:41:05.736305+00:00,1.413121035322547,3.65253,1.03927,1.75781,1.75904,0.481259,0.154122,3.55e-07,576,7488,3,1639972864,1628491326,11481538,410.476
xor,1024,4,blosc-lz4,none,3,xor__1024__4__blosc-lz4__none,3,False,2026-09-06T00:41:08.707733+00:00,2.971294457092881,9.16886,1.46856,1.75781,1.3406,0.191716,0.256445,4.5e-07,288,2016,3,4812963840,4803037246,9926594,89.8744
rand,256,4,blosc-zstd,byte,3,rand__256__4__blosc-zstd__byte,3,False,2026-09-06T00:41:10.748217+00:00,2.040345825254917,1.4512,1.18497,1.75781,1.54276,1.21128,0.147105,2.38e-07,576,7488,3,2517958656,2053050245,464908411,1143.63
rand,256,128,blosc-lz4,none,3,rand__256__128__blosc-lz4__none,3,False,2026-09-06T00:41:11.863765+00:00,1.1154176108539104,8.41235,1.03933,1.75781,1.75894,0.208956,0.147563,2.9e-07,576,7488,3,1375731712,1363863102,11868610,137.848
xor,1024,64,blosc-zstd,none,3,xor__1024__64__blosc-zstd__none,3,False,2026-09-06T00:41:15.105822+00:00,3.241919007152319,2.35073,6.56168,1.75781,0.300037,0.747774,0.233712,1.63e-07,288,2016,3,4034199552,3566329221,467870331,661.008
rand,1024,128,blosc-lz4,byte,3,rand__1024__128__blosc-lz4__byte,3,False,2026-09-06T00:41:16.758337+00:00,1.6523785553872585,3.10192,1.17987,1.75781,1.66861,0.566685,0.218425,1.48e-07,288,2016,3,2772434944,2761177150,11257794,476.462
xor,1024,128,blosc-lz4,none,3,xor__1024__128__blosc-lz4__none,3,False,2026-09-06T00:41:19.449280+00:00,2.6908128038048744,7.31408,2.51361,1.75781,0.783237,0.240333,0.2383,3.68e-07,288,2016,3,2470445056,2459187262,11257794,148.544
rand,256,32,blosc-zstd,none,3,rand__256__32__blosc-zstd__none,3,False,2026-09-06T00:41:21.286423+00:00,1.837004691362381,1.74357,1.21314,1.75781,1.50694,1.00817,0.14661,2.52e-07,576,7488,3,2534735872,2068603781,466132091,938.898
rand,256,4,blosc-lz4,bit,3,rand__256__4__blosc-lz4__bit,3,False,2026-09-06T00:41:22.382349+00:00,1.0957935322076082,11.1079,1.37021,1.75781,1.33419,0.158249,0.156628,3.48e-07,576,7488,3,2696937472,2686783038,10154434,60.398
rand,1024,8,blosc-lz4,byte,3,rand__1024__8__blosc-lz4__byte,3,False,2026-09-06T00:41:23.630027+00:00,1.2475419286638498,7.45191,1.12061,1.75781,1.75685,0.235887,0.226848,2.73e-07,288,2016,3,3904897024,3895298110,9598914,145.387
xor,256,16,blosc-zstd,byte,3,xor__256__16__blosc-zstd__byte,3,False,2026-09-06T00:41:26.531743+00:00,2.9015794377774,3.46274,9.41461,1.75781,0.19418,0.507636,0.149641,3.76e-07,576,7488,3,2587164672,2122520453,464644219,436.337
xor,1024,256,blosc-lz4,none,3,xor__1024__256__blosc-lz4__none,3,False,2026-09-06T00:41:29.484713+00:00,2.9528370909392834,4.96961,2.70367,1.75781,0.728176,0.353712,0.228915,1.81e-07,288,2016,3,2432696320,2421383230,11313090,257.902
rand,256,4,blosc-lz4,none,3,rand__256__4__blosc-lz4__none,3,False,2026-09-06T00:41:30.573312+00:00,1.0883613731712103,11.0366,1.03908,1.75781,1.75938,0.159271,0.147739,1.71e-07,576,7488,3,2545942528,2535788094,10154434,69.8211
xor,1024,64,blosc-zstd,byte,3,xor__1024__64__blosc-zstd__byte,3,False,2026-09-06T00:41:33.868942+00:00,3.2954991813749075,2.53321,12.8953,1.75781,0.152672,0.693907,0.23365,3.05e-07,288,2016,3,4336189440,3868319109,467870331,605.704
rand,1024,64,blosc-zstd,byte,3,rand__1024__64__blosc-zstd__byte,3,False,2026-09-06T00:41:35.965331+00:00,2.096250208094716,1.62456,1.32442,1.75781,1.4865,1.08202,0.248316,2.24e-07,288,2016,3,4336189440,3868319109,467870331,992.228
xor,256,0,zstd,none,0,xor__256__0__zstd__none,3,False,2026-09-06T00:41:39.105899+00:00,3.140434181317687,2.87479,7.19968,1.75781,0.253918,0.611459,0.163449,2.83e-07,576,7488,3,2576678912,2112629381,464049531,540.236
rand,1024,512,blosc-lz4,bit,3,rand__1024__512__blosc-lz4__bit,3,False,2026-09-06T00:41:40.421246+00:00,1.315217599272728,5.47181,1.48431,1.75781,1.32637,0.321249,0.239372,2.86e-07,288,2016,3,2715811840,2704475710,11336130,235.494
xor,256,16,blosc-zstd,bit,3,xor__256__16__blosc-zstd__bit,3,False,2026-09-06T00:41:43.107803+00:00,2.686426332220435,6.61135,73.1094,1.75781,0.0250053,0.265878,0.148044,4.63e-07,576,7488,3,2587164672,2122520453,464644219,166.959
xor,1024,128,blosc-lz4,byte,3,xor__1024__128__blosc-lz4__byte,3,False,2026-09-06T00:41:45.758827+00:00,2.650891514495015,9.25229,4.43301,1.75781,0.444111,0.189987,0.250146,1.46e-07,288,2016,3,2772434944,2761177150,11257794,92.7633
rand,256,8,blosc-lz4,byte,3,rand__256__8__blosc-lz4__byte,3,False,2026-09-06T00:41:46.899327+00:00,1.1403688117861748,8.06447,1.04085,1.75781,1.75637,0.21797,0.146994,2.81e-07,576,7488,3,2092957696,2081918526,11039170,148.984
xor,256,32,blosc-zstd,byte,3,xor__256__32__blosc-zstd__byte,3,False,2026-09-06T00:41:49.933707+00:00,3.0342407505959272,3.20831,11.2075,1.75781,0.163116,0.547893,0.152694,1.98e-07,576,7488,3,2685730816,2219598725,466132091,478.886
rand,1024,4,blosc-zstd,bit,3,rand__1024__4__blosc-zstd__bit,3,False,2026-09-06T00:41:51.850926+00:00,1.9170817863196135,1.93941,1.47763,1.75781,1.33237,0.906366,0.222174,2.56e-07,288,2016,3,3977576448,3511429509,466146939,818.85
xor,1024,512,blosc-zstd,bit,3,xor__1024__512__blosc-zstd__bit,3,False,2026-09-06T00:41:54.796215+00:00,2.945148205384612,4.15479,244.364,1.75781,0.00805664,0.423081,0.237387,1.54e-07,288,2016,3,4336189440,3868126725,468062715,340.81
rand,256,16,blosc-lz4,byte,3,rand__256__16__blosc-lz4__byte,3,False,2026-09-06T00:41:56.183060+00:00,1.3867061380296946,3.46877,1.04998,1.75781,1.7411,0.506754,0.148641,1.8e-07,576,7488,3,1790967808,1779486270,11481538,438.367
rand,1024,512,blosc-zstd,bit,3,rand__1024__512__blosc-zstd__bit,3,False,2026-09-06T00:41:57.913996+00:00,1.7308024894446135,2.71234,1.49292,1.75781,1.31873,0.64808,0.228492,1.9e-07,288,2016,3,4336189440,3868126725,468062715,561.737
xor,1024,4,blosc-lz4,byte,3,xor__1024__4__blosc-lz4__byte,3,False,2026-09-06T00:42:00.523022+00:00,2.6088939551264048,10.7242,2.44739,1.75781,0.804428,0.163911,0.229651,2.91e-07,288,2016,3,5114953728,5105027134,9926594,55.7731
xor,1024,128,blosc-zstd,bit,3,xor__1024__128__blosc-zstd__bit,3,False,2026-09-06T00:42:03.540949+00:00,3.017792945727706,5.84233,136.859,1.75781,0.0143852,0.300875,0.217844,1.88e-07,288,2016,3,4336189440,3868213125,467976315,219.795
rand,256,16,blosc-zstd,none,3,rand__256__16__blosc-zstd__none,3,False,2026-09-06T00:42:05.407756+00:00,1.8666783645749092,1.76283,1.21089,1.75781,1.50974,0.997156,0.150814,4.17e-07,576,7488,3,2436169728,1971525509,464644219,926.169
rand,256,8,blosc-zstd,bit,3,rand__256__8__blosc-zstd__bit,3,False,2026-09-06T00:42:07.153486+00:00,1.7455905601382256,2.1329,1.37894,1.75781,1.32575,0.824143,0.151729,1.71e-07,576,7488,3,2538930176,2074935173,463995003,756.246
xor,256,16,blosc-lz4,none,3,xor__256__16__blosc-lz4__none,3,False,2026-09-06T00:42:09.686188+00:00,2.532569907605648,9.13698,2.03103,1.75781,0.900097,0.192385,0.153829,4.08e-07,576,7488,3,1639972864,1628491326,11481538,112.611
rand,1024,128,blosc-lz4,bit,3,rand__1024__128__blosc-lz4__bit,3,False,2026-09-06T00:42:10.945434+00:00,1.2591142933815718,4.28194,1.48396,1.75781,1.32669,0.410518,0.216574,1.53e-07,288,2016,3,2772434944,2761177150,11257794,326.429
xor,1024,512,blosc-zstd,byte,3,xor__1024__512__blosc-zstd__byte,3,False,2026-09-06T00:42:13.887881+00:00,2.9423112124204636,4.42761,15.79,1.75781,0.124683,0.397012,0.249874,2.76e-07,288,2016,3,4336189440,3868126725,468062715,313.617
rand,256,4,blosc-zstd,bit,3,rand__256__4__blosc-zstd__bit,3,False,2026-09-06T00:42:15.745400+00:00,1.857384815812111,1.96529,1.37249,1.75781,1.33198,0.894428,0.146793,1.75e-07,576,7488,3,2517958656,2053050245,464908411,829.322
xor,256,8,blosc-zstd,none,3,xor__256__8__blosc-zstd__none,3,False,2026-09-06T00:42:19.062718+00:00,3.3171851243823767,2.03563,4.59858,1.75781,0.397541,0.863521,0.155086,1.95e-07,576,7488,3,2387935232,1923940229,463995003,793.251
rand,1024,256,blosc-zstd,none,3,rand__1024__256__blosc-zstd__none,3,False,2026-09-06T00:42:20.973751+00:00,1.9108848199248314,1.77604,1.30815,1.75781,1.50499,0.989738,0.23737,2.54e-07,288,2016,3,4034199552,3566165637,468033915,901.535
rand,1024,128,blosc-zstd,none,3,rand__1024__128__blosc-zstd__none,3,False,2026-09-06T00:42:23.068931+00:00,2.0950399562716484,1.49022,1.30815,1.75781,1.50499,1.17956,0.219442,1.61e-07,288,2016,3,4034199552,3566223237,467976315,1091.18
rand,1024,256,blosc-lz4,byte,3,rand__1024__256__blosc-lz4__byte,3,False,2026-09-06T00:42:24.420988+00:00,1.3519222158938646,5.18409,1.18885,1.75781,1.65601,0.339078,0.216659,3.68e-07,288,2016,3,2734686208,2723373118,11313090,248.934
xor,1024,8,blosc-zstd,bit,3,xor__1024__8__blosc-zstd__bit,3,False,2026-09-06T00:42:27.458041+00:00,3.0369264129549265,6.54603,52.0363,1.75781,0.0378342,0.268531,0.217534,1.6e-07,288,2016,3,3996450816,3530770821,465679995,186.688
xor,256,64,blosc-zstd,byte,3,xor__256__64__blosc-zstd__byte,3,False,2026-09-06T00:42:30.527312+00:00,3.0691173188388348,2.93193,13.6122,1.75781,0.1343,0.599541,0.155264,1.6e-07,576,7488,3,2880765952,2414709125,466056827,528.72
xor,256,64,blosc-lz4,byte,3,xor__256__64__blosc-lz4__byte,3,False,2026-09-06T00:42:33.142199+00:00,2.6147517431527376,10.4246,4.19496,1.75781,0.435791,0.168621,0.17274,1.49e-07,576,7488,3,1564475392,1552662078,11813314,82.6037
xor,256,256,blosc-zstd,none,3,xor__256__256__blosc-zstd__none,3,False,2026-09-06T00:42:36.210656+00:00,3.0683254208415747,3.31994,7.19481,1.75781,0.254089,0.529472,0.148094,1.91e-07,576,7488,3,2729771008,2263632389,466138619,461.663
xor,1024,32,blosc-lz4,byte,3,xor__1024__32__blosc-lz4__byte,3,False,2026-09-06T00:42:38.838285+00:00,2.6274795699864626,10.2587,3.98582,1.75781,0.493938,0.171349,0.240239,1.59e-07,288,2016,3,2998927360,2988001342,10926018,77.4968
xor,256,32,blosc-lz4,bit,3,xor__256__32__blosc-lz4__bit,3,False,2026-09-06T00:42:41.704482+00:00,2.866068845614791,9.79127,2.48679,1.75781,0.735134,0.179529,0.145078,3.03e-07,576,7488,3,1639972864,1628270142,11702722,101.042
rand,256,128,blosc-lz4,bit,3,rand__256__128__blosc-lz4__bit,3,False,2026-09-06T00:42:42.695107+00:00,0.9904975276440382,9.028,1.37811,1.75781,1.32655,0.194707,0.182113,1.55e-07,576,7488,3,1526726656,1514858046,11868610,129.058
xor,256,32,blosc-lz4,byte,3,xor__256__32__blosc-lz4__byte,3,False,2026-09-06T00:42:45.358783+00:00,2.6635440420359373,10.7738,3.92315,1.75781,0.465984,0.163156,0.145991,3.53e-07,576,7488,3,1639972864,1628270142,11702722,83.8034
xor,1024,1024,blosc-lz4,none,3,xor__1024__1024__blosc-lz4__none,3,False,2026-09-06T00:42:48.773393+00:00,3.414477489888668,1.99299,2.86397,1.75781,0.68742,0.881996,0.217282,1.91e-07,288,2016,3,2405433344,2393034814,12398530,791.2
rand,256,64,blosc-zstd,none,3,rand__256__64__blosc-zstd__none,3,False,2026-09-06T00:42:50.759569+00:00,1.9860381949692965,1.64654,1.2143,1.75781,1.5055,1.06758,0.168262,2.51e-07,576,7488,3,2729771008,2263714181,466056827,998.581
xor,1024,4,blosc-zstd,none,3,xor__1024__4__blosc-zstd__none,3,False,2026-09-06T00:42:54.191324+00:00,3.4316267017275095,1.83123,3.33253,1.75781,0.590767,0.959909,0.231497,1.63e-07,288,2016,3,3675586560,3209439621,466146939,872.82
xor,1024,0,zstd,none,0,xor__1024__0__zstd__none,3,False,2026-09-06T00:42:57.632827+00:00,3.4413683004677296,2.67998,7.70914,1.75781,0.255379,0.655905,0.223335,1.88e-07,288,2016,3,3730112512,3264159621,465952891,570.906
rand,1024,32,blosc-zstd,byte,3,rand__1024__32__blosc-zstd__byte,3,False,2026-09-06T00:42:59.618303+00:00,1.9853451754897833,1.70977,1.31732,1.75781,1.49451,1.0281,0.236599,2.25e-07,288,2016,3,4141154304,3673526661,467627643,940.266
rand,1024,16,blosc-lz4,byte,3,rand__1024__16__blosc-lz4__byte,3,False,2026-09-06T00:43:01.130816+00:00,1.5123802777379751,3.2127,1.13063,1.75781,1.74128,0.547144,0.221482,1.62e-07,288,2016,3,3300917248,3290433598,10483650,453.368
xor,256,64,blosc-lz4,none,3,xor__256__64__blosc-lz4__none,3,False,2026-09-06T00:43:03.741522+00:00,2.6105712559074163,7.95111,2.14791,1.75781,0.851116,0.221078,0.150836,1.43e-07,576,7488,3,1413480448,1401667134,11813314,144.588
rand,256,16,blosc-lz4,bit,3,rand__256__16__blosc-lz4__bit,3,False,2026-09-06T00:43:05.006335+00:00,1.2646794505417347,4.72576,1.37613,1.75781,1.32845,0.371964,0.154302,2.21e-07,576,7488,3,1790967808,1779486270,11481538,303.829
xor,1024,1024,blosc-zstd,none,3,xor__1024__1024__blosc-zstd__none,3,False,2026-09-06T00:43:08.376349+00:00,3.3698830027133226,2.753,7.70845,1.75781,0.255402,0.638507,0.243762,4.51e-07,288,2016,3,4034199552,3566122437,468077115,548.866
rand,1024,64,blosc-lz4,bit,3,rand__1024__64__blosc-lz4__bit,3,False,2026-09-06T00:43:09.713456+00:00,1.3369675409048796,3.8176,1.48365,1.75781,1.32697,0.46045,0.225026,1.5e-07,288,2016,3,2847932416,2836785214,11147202,372.556
xor,256,8,blosc-lz4,bit,3,xor__256__8__blosc-lz4__bit,3,False,2026-09-06T00:43:12.367158+00:00,2.6535660084336996,10.2839,2.4276,1.75781,0.753059,0.170929,0.167857,1.42e-07,576,7488,3,2092957696,2081918526,11039170,77.0644
rand,256,4,blosc-zstd,none,3,rand__256__4__blosc-zstd__none,3,False,2026-09-06T00:43:14.573142+00:00,2.205855082720518,1.43839,1.1906,1.75781,1.53546,1.22207,0.156951,2.37e-07,576,7488,3,2366963712,1902055301,464908411,1154.74
xor,1024,32,blosc-zstd,none,3,xor__1024__32__blosc-zstd__none,3,False,2026-09-06T00:43:18.078920+00:00,3.5056472420692444,2.23155,5.81451,1.75781,0.338593,0.787708,0.227372,1.74e-07,288,2016,3,3839164416,3371536773,467627643,701.325
rand,1024,1024,blosc-lz4,bit,3,rand__1024__1024__blosc-lz4__bit,3,False,2026-09-06T00:43:19.358654+00:00,1.279597731307149,4.31732,1.48431,1.75781,1.32637,0.407153,0.227084,2.82e-07,288,2016,3,2707423232,2695024702,12398530,321.885
xor,1024,256,blosc-zstd,bit,3,xor__1024__256__blosc-zstd__bit,3,False,2026-09-06T00:43:22.283294+00:00,2.9244854152202606,6.18122,190.301,1.75781,0.0103455,0.284379,0.224363,1.96e-07,288,2016,3,4336189440,3868155525,468033915,203.209
rand,256,64,blosc-zstd,bit,3,rand__256__64__blosc-zstd__bit,3,False,2026-09-06T00:43:23.975257+00:00,1.691823972389102,2.06743,1.38508,1.75781,1.31987,0.85024,0.17545,1.6e-07,576,7488,3,2880765952,2414709125,466056827,785.071
rand,256,64,blosc-lz4,bit,3,rand__256__64__blosc-lz4__bit,3,False,2026-09-06T00:43:25.213458+00:00,1.238067815080285,5.55144,1.37811,1.75781,1.32655,0.316641,0.150893,2.88e-07,576,7488,3,1564475392,1552662078,11813314,250.901
rand,256,16,blosc-zstd,bit,3,rand__256__16__blosc-zstd__bit,3,False,2026-09-06T00:43:27.070707+00:00,1.8571201600134373,2.2141,1.38229,1.75781,1.32253,0.793916,0.149174,1.88e-07,576,7488,3,2587164672,2122520453,464644219,728.788
rand,256,128,blosc-lz4,byte,3,rand__256__128__blosc-lz4__byte,3,False,2026-09-06T00:43:28.273499+00:00,1.2026395741850138,5.92574,1.09566,1.75781,1.66852,0.29664,0.1718,4.22e-07,576,7488,3,1526726656,1514858046,11868610,227.081
xor,1024,128,blosc-zstd,none,3,xor__1024__128__blosc-zstd__none,3,False,2026-09-06T00:43:31.817284+00:00,3.5436488334089518,2.07407,7.1221,1.75781,0.276428,0.84752,0.226942,1.73e-07,288,2016,3,4034199552,3566223237,467976315,762.208
xor,1024,32,blosc-zstd,byte,3,xor__1024__32__blosc-zstd__byte,3,False,2026-09-06T00:43:35.042811+00:00,3.225397665053606,3.17466,10.571,1.75781,0.186241,0.5537,0.256744,2.6e-07,288,2016,3,4141154304,3673526661,467627643,468.245
xor,1024,512,blosc-lz4,bit,3,xor__1024__512__blosc-lz4__bit,3,False,2026-09-06T00:43:37.726517+00:00,2.6835687961429358,7.93775,21.6583,1.75781,0.0909004,0.22145,0.226555,3.05e-07,288,2016,3,2715811840,2704475710,11336130,139.112
xor,256,0,lz4,none,1,xor__256__0__lz4__none,3,False,2026-09-06T00:43:40.732512+00:00,3.0058459602296352,3.05082,2.17063,1.75781,0.842209,0.576178,0.153883,2.51e-07,576,7488,3,1203765248,1195703358,8061890,498.302
rand,1024,1024,blosc-zstd,none,3,rand__1024__1024__blosc-zstd__none,3,False,2026-09-06T00:43:42.696056+00:00,1.963412931188941,2.34494,1.30829,1.75781,1.50483,0.74962,0.235894,1.6e-07,288,2016,3,4034199552,3566122437,468077115,661.784
xor,256,32,blosc-lz4,none,3,xor__256__32__blosc-lz4__none,3,False,2026-09-06T00:43:45.251470+00:00,2.5552802197635174,8.32308,2.07117,1.75781,0.882652,0.211197,0.158849,1.92e-07,576,7488,3,1488977920,1477275198,11702722,134.021
rand,1024,4,blosc-zstd,byte,3,rand__1024__4__blosc-zstd__byte,3,False,2026-09-06T00:43:47.300084+00:00,2.04848032258451,1.56984,1.27585,1.75781,1.54309,1.11974,0.22052,1.95e-07,288,2016,3,3977576448,3511429509,466146939,1027.9
rand,256,64,blosc-lz4,none,3,rand__256__64__blosc-lz4__none,3,False,2026-09-06T00:43:48.559852+00:00,1.2596329227089882,4.45287,1.03933,1.75781,1.75894,0.394759,0.151452,1.67e-07,576,7488,3,1413480448,1401667134,11813314,325.488
xor,256,4,blosc-zstd,byte,3,xor__256__4__blosc-zstd__byte,3,False,2026-09-06T00:43:51.630182+00:00,3.0701936073601246,2.85956,5.01462,1.75781,0.364559,0.614714,0.180934,1.52e-07,576,7488,3,2517958656,2053050245,464908411,544.744
rand,1024,256,blosc-lz4,none,3,rand__1024__256__blosc-lz4__none,3,False,2026-09-06T00:43:52.745138+00:00,1.1148225720971823,7.64065,1.11927,1.75781,1.75896,0.230061,0.222774,1.44e-07,288,2016,3,2432696320,2421383230,11313090,139.82
rand,1024,64,blosc-zstd,bit,3,rand__1024__64__blosc-zstd__bit,3,False,2026-09-06T00:43:54.589716+00:00,1.8444468956440687,2.11046,1.49193,1.75781,1.3196,0.832906,0.222758,1.57e-07,288,2016,3,4336189440,3868319109,467870331,748.219
xor,1024,512,blosc-zstd,none,3,xor__1024__512__blosc-zstd__none,4,False,2026-09-06T00:43:57.888792+00:00,3.2988957334309816,2.54127,7.65153,1.75781,0.257301,0.691705,0.220177,3.03e-07,288,2016,3,4034199552,3566136837,468062715,605.58
xor,256,8,blosc-lz4,bit,3,xor__256__8__blosc-lz4__bit,4,False,2026-09-06T00:44:00.548900+00:00,2.6599725782871246,10.2944,2.4276,1.75781,0.753059,0.170755,0.157057,1.86e-07,576,7488,3,2092957696,2081918526,11039170,76.8999
rand,1024,16,blosc-zstd,byte,3,rand__1024__16__blosc-zstd__byte,4,False,2026-09-06T00:44:02.584916+00:00,2.03588161803782,1.7279,1.3089,1.75781,1.50412,1.01731,0.243727,3.04e-07,288,2016,3,4044685312,3577084293,467601019,928.358
xor,256,8,blosc-lz4,byte,3,xor__256__8__blosc-lz4__byte,4,False,2026-09-06T00:44:05.130622+00:00,2.5455730091780424,10.7385,3.27963,1.75781,0.557419,0.163692,0.158938,3.58e-07,576,7488,3,2092957696,2081918526,11039170,65.3254
xor,1024,1024,blosc-zstd,none,3,xor__1024__1024__blosc-zstd__none,4,False,2026-09-06T00:44:08.455002+00:00,3.3242294173687696,2.7348,7.70845,1.75781,0.255402,0.642757,0.227617,1.95e-07,288,2016,3,4034199552,3566122437,468077115,558.52
rand,256,256,blosc-zstd,bit,3,rand__256__256__blosc-zstd__bit,4,False,2026-09-06T00:44:09.869577+00:00,1.414439206942916,3.03831,1.38553,1.75781,1.31944,0.57855,0.154347,4.36e-07,576,7488,3,2880765952,2414627333,466138619,513.163
xor,1024,64,blosc-zstd,none,3,xor__1024__64__blosc-zstd__none,4,False,2026-09-06T00:44:13.304255+00:00,3.4345440790057182,2.33045,6.56168,1.75781,0.300037,0.75428,0.22411,1.54e-07,288,2016,3,4034199552,3566329221,467870331,668.698
rand,256,8,blosc-zstd,bit,3,rand__256__8__blosc-zstd__bit,4,False,2026-09-06T00:44:14.977151+00:00,1.672757901251316,2.13652,1.37894,1.75781,1.32575,0.822744,0.172188,4.02e-07,576,7488,3,2538930176,2074935173,463995003,757.555
rand,1024,0,lz4,none,1,rand__1024__0__lz4__none,4,False,2026-09-06T00:44:16.553201+00:00,1.5759160723537207,3.53222,1.11529,1.75781,1.76523,0.497651,0.263352,2.67e-07,288,2016,3,2101346304,2094581566,6764738,403.09
rand,1024,8,blosc-zstd,bit,3,rand__1024__8__blosc-zstd__bit,4,False,2026-09-06T00:44:18.448500+00:00,1.8951635044068098,2.10098,1.48508,1.75781,1.32568,0.836663,0.243468,2.22e-07,288,2016,3,3996450816,3530770821,465679995,751.639
rand,1024,16,blosc-lz4,byte,3,rand__1024__16__blosc-lz4__byte,4,False,2026-09-06T00:44:19.895954+00:00,1.4473248329013586,3.23839,1.13063,1.75781,1.74128,0.542805,0.245418,3.53e-07,288,2016,3,3300917248,3290433598,10483650,453.006
rand,1024,4,blosc-zstd,byte,3,rand__1024__4__blosc-zstd__byte,4,False,2026-09-06T00:44:21.919346+00:00,2.023256676271558,1.58782,1.27585,1.75781,1.54309,1.10706,0.22812,2.27e-07,288,2016,3,3977576448,3511429509,466146939,1017.43
xor,1024,32,blosc-lz4,bit,3,xor__1024__32__blosc-lz4__bit,4,False,2026-09-06T00:44:24.842287+00:00,2.922801671549678,9.58713,2.64591,1.75781,0.744072,0.183351,0.226092,1.57e-07,288,2016,3,2998927360,2988001342,10926018,89.6071
xor,256,256,blosc-lz4,none,3,xor__256__256__blosc-lz4__none,4,False,2026-09-06T00:44:27.762941+00:00,2.9205218479037285,3.03313,2.17014,1.75781,0.8424,0.579538,0.156863,2.39e-07,576,7488,3,1356857344,1344961086,11896258,503.675
xor,256,128,blosc-zstd,none,3,xor__256__128__blosc-zstd__none,4,False,2026-09-06T00:44:30.752878+00:00,2.9898108765482903,3.62748,6.97572,1.75781,0.26207,0.484583,0.153727,2.81e-07,576,7488,3,2729771008,2263661189,466109819,413.58
xor,1024,128,blosc-zstd,bit,3,xor__1024__128__blosc-zstd__bit,4,False,2026-09-06T00:44:33.670064+00:00,2.9170514754951,5.05725,136.859,1.75781,0.0143852,0.347583,0.226773,1.84e-07,288,2016,3,4336189440,3868213125,467976315,259.106
rand,1024,32,blosc-zstd,byte,3,rand__1024__32__blosc-zstd__byte,4,False,2026-09-06T00:44:35.814666+00:00,2.144462848082185,1.50172,1.31732,1.75781,1.49451,1.17053,0.223867,2.78e-07,288,2016,3,4141154304,3673526661,467627643,1083.63
xor,1024,16,blosc-lz4,bit,3,xor__1024__16__blosc-lz4__bit,4,False,2026-09-06T00:44:38.733785+00:00,2.918966284021735,10.0759,2.6904,1.75781,0.73177,0.174457,0.25096,2.7e-07,288,2016,3,3300917248,3290433598,10483650,82.4626
xor,1024,512,blosc-lz4,bit,3,xor__1024__512__blosc-lz4__bit,4,False,2026-09-06T00:44:41.396332+00:00,2.662410583347082,7.94796,21.6583,1.75781,0.0909004,0.221165,0.237553,2.03e-07,288,2016,3,2715811840,2704475710,11336130,139.553
xor,256,4,blosc-zstd,bit,3,xor__256__4__blosc-zstd__bit,4,False,2026-09-06T00:44:44.456774+00:00,3.060309140011668,5.43096,32.105,1.75781,0.056942,0.323665,0.152859,2.2e-07,576,7488,3,2517958656,2053050245,464908411,253.108
xor,1024,64,blosc-lz4,byte,3,xor__1024__64__blosc-lz4__byte,4,False,2026-09-06T00:44:47.093525+00:00,2.6366149857640266,9.61783,4.2538,1.75781,0.462822,0.182766,0.234456,1.84e-07,288,2016,3,2847932416,2836785214,11147202,94.3145
xor,1024,8,blosc-zstd,bit,3,xor__1024__8__blosc-zstd__bit,4,False,2026-09-06T00:44:50.071933+00:00,2.978271236643195,4.7197,52.0363,1.75781,0.0378342,0.372441,0.232018,3.31e-07,288,2016,3,3996450816,3530770821,465679995,289.029
rand,1024,64,blosc-zstd,none,3,rand__1024__64__blosc-zstd__none,4,False,2026-09-06T00:44:52.515782+00:00,2.4437124487012625,1.55167,1.30812,1.75781,1.50503,1.13285,0.223991,1.78e-07,288,2016,3,4034199552,3566329221,467870331,1036.68
xor,1024,64,blosc-lz4,bit,3,xor__1024__64__blosc-lz4__bit,4,False,2026-09-06T00:44:55.158987+00:00,2.6430699937045574,8.90348,2.73165,1.75781,0.720718,0.19743,0.228292,2.43e-07,288,2016,3,2847932416,2836785214,11147202,104.818
rand,1024,128,blosc-zstd,none,3,rand__1024__128__blosc-zstd__none,4,False,2026-09-06T00:44:57.256024+00:00,2.096901345998049,1.51284,1.30815,1.75781,1.50499,1.16193,0.221854,1.79e-07,288,2016,3,4034199552,3566223237,467976315,1072.89
xor,256,4,blosc-lz4,bit,3,xor__256__4__blosc-lz4__bit,4,False,2026-09-06T00:44:59.970295+00:00,2.714136116206646,10.1655,2.50416,1.75781,0.730034,0.172919,0.15114,2.55e-07,576,7488,3,2696937472,2686783038,10154434,71.7538
rand,1024,512,blosc-zstd,byte,3,rand__1024__512__blosc-zstd__byte,4,False,2026-09-06T00:45:01.716669+00:00,1.7462380807846785,2.32342,1.4424,1.75781,1.36491,0.756562,0.227976,1.86e-07,288,2016,3,4336189440,3868126725,468062715,670.058
rand,256,32,blosc-lz4,byte,3,rand__256__32__blosc-lz4__byte,4,False,2026-09-06T00:45:03.177558+00:00,1.4607462771236897,3.29959,1.06348,1.75781,1.719,0.532737,0.153338,3.04e-07,576,7488,3,1639972864,1628270142,11702722,461.712
rand,1024,256,blosc-lz4,none,3,rand__1024__256__blosc-lz4__none,4,False,2026-09-06T00:45:04.417836+00:00,1.240150723606348,7.61872,1.11927,1.75781,1.75896,0.230723,0.223999,2.02e-07,288,2016,3,2432696320,2421383230,11313090,139.579
rand,256,64,blosc-lz4,none,3,rand__256__64__blosc-lz4__none,4,False,2026-09-06T00:45:05.816477+00:00,1.3985054958611727,4.38085,1.03933,1.75781,1.75894,0.401249,0.150514,2.56e-07,576,7488,3,1413480448,1401667134,11813314,331.412
xor,1024,16,blosc-lz4,byte,3,xor__1024__16__blosc-lz4__byte,4,False,2026-09-06T00:45:08.640115+00:00,2.8235011976212263,10.3449,3.59073,1.75781,0.548286,0.169921,0.242623,1.4e-07,288,2016,3,3300917248,3290433598,10483650,76.866
rand,1024,1024,blosc-zstd,byte,3,rand__1024__1024__blosc-zstd__byte,4,False,2026-09-06T00:45:10.458285+00:00,1.818035326898098,2.22567,1.44037,1.75781,1.36684,0.789789,0.248817,2e-07,288,2016,3,4336189440,3868112325,468077115,700.799
xor,256,8,blosc-zstd,byte,3,xor__256__8__blosc-zstd__byte,4,False,2026-09-06T00:45:13.458527+00:00,3.0001083612442017,3.38584,7.20606,1.75781,0.253693,0.519165,0.152803,1.44e-07,576,7488,3,2538930176,2074935173,463995003,448.135
xor,256,16,blosc-lz4,none,3,xor__256__16__blosc-lz4__none,4,False,2026-09-06T00:45:16.147155+00:00,2.6885000821202993,9.10748,2.03103,1.75781,0.900097,0.193007,0.172222,1.65e-07,576,7488,3,1639972864,1628491326,11481538,117.028
rand,1024,1024,blosc-lz4,none,3,rand__1024__1024__blosc-lz4__none,4,False,2026-09-06T00:45:17.789958+00:00,1.6426683478057384,3.48719,1.11913,1.75781,1.75919,0.504078,0.227341,1.42e-07,288,2016,3,2405433344,2393034814,12398530,411.623
xor,256,256,blosc-zstd,byte,3,xor__256__256__blosc-zstd__byte,4,False,2026-09-06T00:45:20.672623+00:00,2.8825252428650856,3.70095,16.1821,1.75781,0.112972,0.474963,0.153963,4.19e-07,576,7488,3,2880765952,2414627333,466138619,404.878
rand,1024,8,blosc-lz4,none,3,rand__1024__8__blosc-lz4__none,4,False,2026-09-06T00:45:21.906031+00:00,1.233256185427308,8.01656,1.11892,1.75781,1.75951,0.219273,0.217119,1.86e-07,288,2016,3,3602907136,3593308222,9598914,128.54
rand,256,0,zstd,none,0,rand__256__0__zstd__none,4,False,2026-09-06T00:45:23.338793+00:00,1.4326378758996725,2.83812,1.21453,1.75781,1.50521,0.619358,0.14401,2.76e-07,576,7488,3,2576678912,2112629381,464049531,551.922
rand,256,128,blosc-zstd,none,3,rand__256__128__blosc-zstd__none,4,False,2026-09-06T00:45:25.405304+00:00,2.066376715898514,1.64553,1.2144,1.75781,1.50537,1.06823,0.151395,4.35e-07,576,7488,3,2729771008,2263661189,466109819,1001.09
xor,256,64,blosc-lz4,bit,3,xor__256__64__blosc-lz4__bit,4,False,2026-09-06T00:45:28.034196+00:00,2.6287604309618473,9.50123,2.53693,1.75781,0.720604,0.185009,0.164034,1.65e-07,576,7488,3,1564475392,1552662078,11813314,111.157
xor,1024,16,blosc-lz4,none,3,xor__1024__16__blosc-lz4__none,4,False,2026-09-06T00:45:31.035261+00:00,3.0009321719408035,8.49624,2.07115,1.75781,0.950558,0.206893,0.222851,1.85e-07,288,2016,3,2998927360,2988443710,10483650,113.161
xor,256,64,blosc-zstd,byte,3,xor__256__64__blosc-zstd__byte,4,False,2026-09-06T00:45:34.021500+00:00,2.9860979355871677,2.98208,13.6122,1.75781,0.1343,0.589459,0.153027,1.58e-07,576,7488,3,2880765952,2414709125,466056827,520.365
rand,1024,256,blosc-zstd,bit,3,rand__1024__256__blosc-zstd__bit,4,False,2026-09-06T00:45:35.875498+00:00,1.8538676835596561,2.08124,1.49261,1.75781,1.319,0.8446,0.231131,3.71e-07,288,2016,3,4336189440,3868155525,468033915,758.892
rand,256,0,lz4,none,1,rand__256__0__lz4__none,4,False,2026-09-06T00:45:37.151917+00:00,1.276283236220479,5.86202,1.03574,1.75781,1.76504,0.299865,0.150979,1.75e-07,576,7488,3,1203765248,1195703358,8061890,230.733
xor,1024,512,blosc-lz4,none,3,xor__1024__512__blosc-lz4__none,4,False,2026-09-06T00:45:40.224373+00:00,3.0723240822553635,3.28149,2.81228,1.75781,0.700054,0.535675,0.237725,1.6e-07,288,2016,3,2413821952,2402485822,11336130,445.066
rand,256,256,blosc-lz4,none,3,rand__256__256__blosc-lz4__none,4,False,2026-09-06T00:45:41.343774+00:00,1.1192698534578085,5.65138,1.03917,1.75781,1.75921,0.311041,0.151378,2.81e-07,576,7488,3,1356857344,1344961086,11896258,237.96
rand,1024,64,blosc-lz4,byte,3,rand__1024__64__blosc-lz4__byte,4,False,2026-09-06T00:45:42.857380+00:00,1.5134678445756435,2.91101,1.16312,1.75781,1.69265,0.603851,0.220894,1.58e-07,288,2016,3,2847932416,2836785214,11147202,514.321
xor,256,128,blosc-lz4,byte,3,xor__256__128__blosc-lz4__byte,4,False,2026-09-06T00:45:45.682318+00:00,2.824804902076721,7.93529,4.529,1.75781,0.403648,0.221518,0.146357,2.56e-07,576,7488,3,1526726656,1514858046,11868610,150.914
rand,256,256,blosc-zstd,none,3,rand__256__256__blosc-zstd__none,4,False,2026-09-06T00:45:47.208208+00:00,1.525751056149602,2.61444,1.21446,1.75781,1.5053,0.672347,0.161159,1.53e-07,576,7488,3,2729771008,2263632389,466138619,603.362
xor,1024,1024,blosc-zstd,byte,3,xor__1024__1024__blosc-zstd__byte,4,False,2026-09-06T00:45:50.368426+00:00,3.1600806415081024,3.56347,16.0552,1.75781,0.122623,0.493287,0.240103,3.4e-07,288,2016,3,4336189440,3868112325,468077115,410.71
rand,256,4,blosc-lz4,byte,3,rand__256__4__blosc-lz4__byte,4,False,2026-09-06T00:45:51.520662+00:00,1.1520965117961168,10.1824,1.03908,1.75781,1.75938,0.172632,0.156417,3.18e-07,576,7488,3,2696937472,2686783038,10154434,77.0718
xor,256,256,blosc-lz4,byte,3,xor__256__256__blosc-lz4__byte,4,False,2026-09-06T00:45:54.323808+00:00,2.8029941469430923,5.23652,4.59347,1.75781,0.397984,0.335683,0.183284,2.74e-07,576,7488,3,1507852288,1495956030,11896258,264.841
rand,256,16,blosc-zstd,byte,3,rand__256__16__blosc-zstd__byte,4,False,2026-09-06T00:45:56.302501+00:00,1.9785587657243013,1.74122,1.21518,1.75781,1.50441,1.00953,0.183092,1.52e-07,576,7488,3,2587164672,2122520453,464644219,941.681
rand,1024,4,blosc-lz4,bit,3,rand__1024__4__blosc-lz4__bit,4,False,2026-09-06T00:45:57.373491+00:00,1.0708592850714922,11.3221,1.47469,1.75781,1.33502,0.155256,0.281079,3.91e-07,288,2016,3,5114953728,5105027134,9926594,62.6661
rand,256,32,blosc-zstd,bit,3,rand__256__32__blosc-zstd__bit,4,False,2026-09-06T00:45:59.222021+00:00,1.8483916018158197,1.99603,1.38407,1.75781,1.32083,0.880655,0.1459,2.28e-07,576,7488,3,2685730816,2219598725,466132091,815.914
rand,256,16,blosc-lz4,byte,3,rand__256__16__blosc-lz4__byte,4,False,2026-09-06T00:46:00.499225+00:00,1.2770657613873482,3.45291,1.04998,1.75781,1.7411,0.509081,0.157369,1.92e-07,576,7488,3,1790967808,1779486270,11481538,438.816
xor,1024,4,blosc-zstd,bit,3,xor__1024__4__blosc-zstd__bit,4,False,2026-09-06T00:46:03.398644+00:00,2.899280486628413,5.32371,36.2122,1.75781,0.0543671,0.330185,0.221075,2.89e-07,288,2016,3,3977576448,3511429509,466146939,248.18
xor,256,4,blosc-zstd,byte,3,xor__256__4__blosc-zstd__byte,4,False,2026-09-06T00:46:06.634195+00:00,3.2354158274829388,2.25471,5.01462,1.75781,0.364559,0.779617,0.154945,3.8e-07,576,7488,3,2517958656,2053050245,464908411,709.201
rand,1024,32,blosc-lz4,bit,3,rand__1024__32__blosc-lz4__bit,4,False,2026-09-06T00:46:07.936764+00:00,1.3024505395442247,4.16813,1.48324,1.75781,1.32733,0.421727,0.223976,3.37e-07,288,2016,3,2998927360,2988001342,10926018,338.517
xor,1024,16,blosc-zstd,none,3,xor__1024__16__blosc-zstd__none,4,False,2026-09-06T00:46:11.257881+00:00,3.320965725928545,2.23841,4.86667,1.75781,0.404537,0.785295,0.24792,2.6e-07,288,2016,3,3742695424,3275094405,467601019,698.567
xor,256,64,blosc-lz4,byte,3,xor__256__64__blosc-lz4__byte,4,False,2026-09-06T00:46:14.016311+00:00,2.75829610042274,10.5651,4.19496,1.75781,0.435791,0.16638,0.166103,3.04e-07,576,7488,3,1564475392,1552662078,11813314,82.5291
rand,1024,64,blosc-lz4,none,3,rand__1024__64__blosc-lz4__none,4,False,2026-09-06T00:46:15.458270+00:00,1.4418253097683191,3.09336,1.11924,1.75781,1.759,0.568253,0.252152,2.34e-07,288,2016,3,2545942528,2534795326,11147202,478
xor,256,16,blosc-zstd,bit,3,xor__256__16__blosc-zstd__bit,4,False,2026-09-06T00:46:18.158974+00:00,2.700565619394183,6.84414,73.1094,1.75781,0.0250053,0.256835,0.178894,5.02e-07,576,7488,3,2587164672,2122520453,464644219,165.918
xor,1024,16,blosc-zstd,bit,3,xor__1024__16__blosc-zstd__bit,4,False,2026-09-06T00:46:21.215211+00:00,3.0561068635433912,6.83572,78.1727,1.75781,0.0251846,0.257151,0.220313,2.59e-07,288,2016,3,4044685312,3577084293,467601019,163.146
rand,1024,128,blosc-lz4,bit,3,rand__1024__128__blosc-lz4__bit,4,False,2026-09-06T00:46:22.497074+00:00,1.2817254196852446,4.25625,1.48396,1.75781,1.32669,0.412996,0.225913,3.34e-07,288,2016,3,2772434944,2761177150,11257794,328.964
xor,1024,256,blosc-zstd,byte,3,xor__1024__256__blosc-zstd__byte,4,False,2026-09-06T00:46:25.567374+00:00,3.070163058117032,4.28269,15.1985,1.75781,0.129536,0.410446,0.226051,2.21e-07,288,2016,3,4336189440,3868155525,468033915,337.128
rand,1024,4,blosc-lz4,none,3,rand__1024__4__blosc-lz4__none,4,False,2026-09-06T00:46:26.690091+00:00,1.1225814912468195,10.6561,1.1186,1.75781,1.76001,0.164958,0.224767,4.63e-07,288,2016,3,4812963840,4803037246,9926594,70.9449
xor,256,4,blosc-lz4,byte,3,xor__256__4__blosc-lz4__byte,4,False,2026-09-06T00:46:29.233754+00:00,2.5435322485864162,10.7025,2.77142,1.75781,0.659634,0.164244,0.152135,1.94e-07,576,7488,3,2696937472,2686783038,10154434,59.7369
xor,1024,128,blosc-zstd,byte,3,xor__1024__128__blosc-zstd__byte,4,False,2026-09-06T00:46:32.326148+00:00,3.092255227267742,2.84965,14.2967,1.75781,0.137707,0.616853,0.232053,2.68e-07,288,2016,3,4336189440,3868213125,467976315,534.55
rand,256,64,blosc-zstd,bit,3,rand__256__64__blosc-zstd__bit,4,False,2026-09-06T00:46:34.309117+00:00,1.9828296303749084,1.81957,1.38508,1.75781,1.31987,0.966059,0.151914,1.49e-07,576,7488,3,2880765952,2414709125,466056827,900.258
xor,256,4,blosc-lz4,none,3,xor__256__4__blosc-lz4__none,4,False,2026-09-06T00:46:36.851354+00:00,2.542098816484213,9.85781,1.6735,1.75781,1.0924,0.178317,0.178624,6.28e-07,576,7488,3,2545942528,2535788094,10154434,93.1227
xor,1024,64,blosc-zstd,byte,3,xor__1024__64__blosc-zstd__byte,4,False,2026-09-06T00:46:40.026782+00:00,3.175298323854804,3.34411,12.8953,1.75781,0.152672,0.525645,0.239638,3.05e-07,288,2016,3,4336189440,3868319109,467870331,441.575
rand,1024,512,blosc-lz4,bit,3,rand__1024__512__blosc-lz4__bit,4,False,2026-09-06T00:46:41.341348+00:00,1.3144276291131973,5.47238,1.48431,1.75781,1.32637,0.321215,0.214172,4.55e-07,288,2016,3,2715811840,2704475710,11336130,235.549
rand,256,8,blosc-lz4,byte,3,rand__256__8__blosc-lz4__byte,4,False,2026-09-06T00:46:42.528716+00:00,1.1872342266142368,8.01522,1.04085,1.75781,1.75637,0.219309,0.149536,2.72e-07,576,7488,3,2092957696,2081918526,11039170,148.902
rand,256,16,blosc-lz4,none,3,rand__256__16__blosc-lz4__none,4,False,2026-09-06T00:46:43.784489+00:00,1.2556288186460733,3.67129,1.03927,1.75781,1.75904,0.478799,0.159929,2.79e-07,576,7488,3,1639972864,1628491326,11481538,409.628
xor,256,32,blosc-zstd,none,3,xor__256__32__blosc-zstd__none,4,False,2026-09-06T00:46:46.912581+00:00,3.1279492881149054,2.38435,6.0227,1.75781,0.303539,0.73723,0.15884,1.88e-07,576,7488,3,2534735872,2068603781,466132091,665.283
xor,1024,128,blosc-lz4,none,3,xor__1024__128__blosc-lz4__none,4,False,2026-09-06T00:46:49.689591+00:00,2.7768773678690195,7.22751,2.51361,1.75781,0.783237,0.243211,0.229667,1.94e-07,288,2016,3,2470445056,2459187262,11257794,148.933
rand,1024,64,blosc-lz4,bit,3,rand__1024__64__blosc-lz4__bit,4,False,2026-09-06T00:46:51.013413+00:00,1.32368740811944,3.83026,1.48365,1.75781,1.32697,0.458927,0.223722,2.1e-07,288,2016,3,2847932416,2836785214,11147202,371.826
xor,256,128,blosc-lz4,none,3,xor__256__128__blosc-lz4__none,4,False,2026-09-06T00:46:53.702033+00:00,2.6884868387132883,5.0635,2.1588,1.75781,0.846825,0.347153,0.15698,2.07e-07,576,7488,3,1375731712,1363863102,11868610,271.62
rand,1024,32,blosc-lz4,none,3,rand__1024__32__blosc-lz4__none,4,False,2026-09-06T00:46:55.441366+00:00,1.7391991578042507,3.10531,1.11918,1.75781,1.75909,0.566066,0.219494,2.51e-07,288,2016,3,2696937472,2686011454,10926018,474.801
xor,1024,32,blosc-lz4,none,3,xor__1024__32__blosc-lz4__none,4,False,2026-09-06T00:46:58.078785+00:00,2.6372822746634483,8.46024,2.2495,1.75781,0.875195,0.207773,0.227795,2.16e-07,288,2016,3,2696937472,2686011454,10926018,113.002
xor,1024,8,blosc-lz4,bit,3,xor__1024__8__blosc-lz4__bit,4,False,2026-09-06T00:47:00.693975+00:00,2.6150567922741175,10.2798,2.79932,1.75781,0.703297,0.170997,0.235634,2.83e-07,288,2016,3,3904897024,3895298110,9598914,74.2523
rand,256,128,blosc-lz4,bit,3,rand__256__128__blosc-lz4__bit,4,False,2026-09-06T00:47:01.846501+00:00,1.1523930598050356,8.93378,1.37811,1.75781,1.32655,0.19676,0.148809,2.92e-07,576,7488,3,1526726656,1514858046,11868610,128.502
xor,1024,4,blosc-lz4,bit,3,xor__1024__4__blosc-lz4__bit,4,False,2026-09-06T00:47:04.523874+00:00,2.6772434432059526,10.5428,2.91099,1.75781,0.676315,0.166731,0.258882,2.1e-07,288,2016,3,5114953728,5105027134,9926594,69.7135
xor,1024,512,blosc-zstd,byte,3,xor__1024__512__blosc-zstd__byte,4,False,2026-09-06T00:47:07.608179+00:00,3.0841672774404287,4.15414,15.79,1.75781,0.124683,0.423147,0.222701,2.29e-07,288,2016,3,4336189440,3868126725,468062715,339.118
rand,1024,128,blosc-zstd,byte,3,rand__1024__128__blosc-zstd__byte,4,False,2026-09-06T00:47:09.972985+00:00,2.364670103415847,1.45766,1.45104,1.75781,1.35679,1.20592,0.226562,2.13e-07,288,2016,3,4336189440,3868213125,467976315,1119.66
xor,1024,1024,blosc-lz4,byte,3,xor__1024__1024__blosc-lz4__byte,4,False,2026-09-06T00:47:13.167747+00:00,3.1946270149201155,3.00563,4.82951,1.75781,0.40765,0.584841,0.225249,2.04e-07,288,2016,3,2707423232,2695024702,12398530,495.97
xor,1024,256,blosc-zstd,bit,3,xor__1024__256__blosc-zstd__bit,4,False,2026-09-06T00:47:16.092309+00:00,2.9244127050042152,3.89461,190.301,1.75781,0.0103455,0.451345,0.226075,2.39e-07,288,2016,3,4336189440,3868155525,468033915,371.129
xor,256,256,blosc-lz4,bit,3,xor__256__256__blosc-lz4__bit,4,False,2026-09-06T00:47:18.843574+00:00,2.751128951087594,7.12294,9.0188,1.75781,0.202702,0.246782,0.159412,4.19e-07,576,7488,3,1507852288,1495956030,11896258,176.144
rand,1024,512,blosc-zstd,bit,3,rand__1024__512__blosc-zstd__bit,4,False,2026-09-06T00:47:20.490236+00:00,1.646525088697672,2.88028,1.49292,1.75781,1.31873,0.610293,0.234312,1.5e-07,288,2016,3,4336189440,3868126725,468062715,523.087
xor,256,16,blosc-lz4,byte,3,xor__256__16__blosc-lz4__byte,4,False,2026-09-06T00:47:22.997201+00:00,2.5068290010094643,10.1856,3.63556,1.75781,0.502846,0.172577,0.152527,2.18e-07,576,7488,3,1790967808,1779486270,11481538,71.6301
rand,1024,512,blosc-lz4,byte,3,rand__1024__512__blosc-lz4__byte,4,False,2026-09-06T00:47:24.371041+00:00,1.373719584196806,3.45062,1.19191,1.75781,1.65176,0.509419,0.22241,1.62e-07,288,2016,3,2715811840,2704475710,11336130,421.18
rand,1024,256,blosc-zstd,byte,3,rand__1024__256__blosc-zstd__byte,4,False,2026-09-06T00:47:26.465206+00:00,2.0940345525741577,1.58869,1.44589,1.75781,1.36162,1.10645,0.214847,1.56e-07,288,2016,3,4336189440,3868155525,468033915,1021.6
rand,1024,32,blosc-zstd,bit,3,rand__1024__32__blosc-zstd__bit,4,False,2026-09-06T00:47:28.424006+00:00,1.958662524819374,1.92033,1.49085,1.75781,1.32056,0.915368,0.222721,3.54e-07,288,2016,3,4141154304,3673526661,467627643,830.451
rand,1024,512,blosc-lz4,none,3,rand__1024__512__blosc-lz4__none,4,False,2026-09-06T00:47:29.634311+00:00,1.2101716008037329,5.4832,1.1191,1.75781,1.75923,0.320581,0.22282,3.1e-07,288,2016,3,2413821952,2402485822,11336130,229.884
xor,256,0,zstd,none,0,xor__256__0__zstd__none,4,False,2026-09-06T00:47:32.875889+00:00,3.2414442151784897,2.73247,7.19968,1.75781,0.253918,0.643305,0.153695,1.88e-07,576,7488,3,2576678912,2112629381,464049531,574.333
xor,1024,0,zstd,none,0,xor__1024__0__zstd__none,4,False,2026-09-06T00:47:36.177686+00:00,3.30166388861835,2.59465,7.70914,1.75781,0.255379,0.677475,0.234117,1.6e-07,288,2016,3,3730112512,3264159621,465952891,593.04
xor,1024,512,blosc-zstd,bit,3,xor__1024__512__blosc-zstd__bit,4,False,2026-09-06T00:47:39.018380+00:00,2.84055295586586,5.37282,244.364,1.75781,0.00805664,0.327168,0.22764,3.48e-07,288,2016,3,4336189440,3868126725,468062715,246.154
rand,256,32,blosc-lz4,none,3,rand__256__32__blosc-lz4__none,4,False,2026-09-06T00:47:40.369763+00:00,1.351247951388359,3.50305,1.03931,1.75781,1.75899,0.501794,0.150849,1.99e-07,576,7488,3,1488977920,1477275198,11702722,430.272
rand,256,32,blosc-lz4,bit,3,rand__256__32__blosc-lz4__bit,4,False,2026-09-06T00:47:41.692276+00:00,1.3223775699734688,4.40734,1.37734,1.75781,1.32728,0.398838,0.157959,2.67e-07,576,7488,3,1639972864,1628270142,11702722,332.739
rand,256,4,blosc-lz4,none,3,rand__256__4__blosc-lz4__none,4,False,2026-09-06T00:47:42.622498+00:00,0.9300884660333395,10.9974,1.03908,1.75781,1.75938,0.159839,0.171877,2.74e-07,576,7488,3,2545942528,2535788094,10154434,69.7689
rand,1024,1024,blosc-lz4,byte,3,rand__1024__1024__blosc-lz4__byte,4,False,2026-09-06T00:47:44.352604+00:00,1.7299667466431856,2.06692,1.19395,1.75781,1.64893,0.85045,0.216135,1.61e-07,288,2016,3,2707423232,2695024702,12398530,759.38
rand,256,64,blosc-zstd,byte,3,rand__256__64__blosc-zstd__byte,4,False,2026-09-06T00:47:46.299261+00:00,1.9465241935104132,1.59653,1.22949,1.75781,1.4869,1.10102,0.14905,2.19e-07,576,7488,3,2880765952,2414709125,466056827,1033.85
xor,256,0,lz4,none,1,xor__256__0__lz4__none,4,False,2026-09-06T00:47:49.296660+00:00,2.997270405292511,3.07192,2.17063,1.75781,0.842209,0.572219,0.162327,1.82e-07,576,7488,3,1203765248,1195703358,8061890,498.668
rand,256,4,blosc-zstd,bit,3,rand__256__4__blosc-zstd__bit,4,False,2026-09-06T00:47:51.175501+00:00,1.878691727295518,1.95094,1.37249,1.75781,1.33198,0.901009,0.153568,2.5e-07,576,7488,3,2517958656,2053050245,464908411,832.456
xor,1024,128,blosc-zstd,none,3,xor__1024__128__blosc-zstd__none,4,False,2026-09-06T00:47:54.544405+00:00,3.368771765381098,2.08649,7.1221,1.75781,0.276428,0.842475,0.233105,3.36e-07,288,2016,3,4034199552,3566223237,467976315,755.255
rand,256,4,blosc-zstd,byte,3,rand__256__4__blosc-zstd__byte,4,False,2026-09-06T00:47:56.480953+00:00,1.9364089760929346,1.59541,1.18497,1.75781,1.54276,1.10179,0.153399,3.54e-07,576,7488,3,2517958656,2053050245,464908411,1031.56
xor,1024,8,blosc-lz4,none,3,xor__1024__8__blosc-lz4__none,4,False,2026-09-06T00:47:59.169638+00:00,2.688553849235177,8.42255,1.76662,1.75781,1.11441,0.208703,0.270607,2.42e-07,288,2016,3,3602907136,3593308222,9598914,107.873
rand,1024,32,blosc-lz4,byte,3,rand__1024__32__blosc-lz4__byte,4,False,2026-09-06T00:48:00.734471+00:00,1.5646852236241102,2.99068,1.14525,1.75781,1.71906,0.587764,0.234356,2.01e-07,288,2016,3,2998927360,2988001342,10926018,495.438
rand,1024,64,blosc-zstd,bit,3,rand__1024__64__blosc-zstd__bit,4,False,2026-09-06T00:48:02.538414+00:00,1.8037866987287998,2.08732,1.49193,1.75781,1.3196,0.842137,0.222501,2.72e-07,288,2016,3,4336189440,3868319109,467870331,753.078
rand,1024,128,blosc-lz4,none,3,rand__1024__128__blosc-lz4__none,4,False,2026-09-06T00:48:03.899438+00:00,1.360891992226243,3.58025,1.11927,1.75781,1.75896,0.490975,0.22276,1.88e-07,288,2016,3,2470445056,2459187262,11257794,398.66
xor,1024,8,blosc-zstd,none,3,xor__1024__8__blosc-zstd__none,4,False,2026-09-06T00:48:07.402539+00:00,3.5029699318110943,2.10962,3.96135,1.75781,0.49699,0.833235,0.223146,3e-07,288,2016,3,3694460928,3228780933,465679995,741.832
rand,1024,16,blosc-zstd,bit,3,rand__1024__16__blosc-zstd__bit,4,False,2026-09-06T00:48:09.259992+00:00,1.857314744964242,2.20107,1.48904,1.75781,1.32216,0.798618,0.247806,2.24e-07,288,2016,3,4044685312,3577084293,467601019,712.82
xor,1024,128,blosc-lz4,byte,3,xor__1024__128__blosc-lz4__byte,4,False,2026-09-06T00:48:12.136336+00:00,2.8762066178023815,9.51137,4.43301,1.75781,0.444111,0.184812,0.255697,3.19e-07,288,2016,3,2772434944,2761177150,11257794,97.2918
xor,256,8,blosc-lz4,none,3,xor__256__8__blosc-lz4__none,4,False,2026-09-06T00:48:14.671574+00:00,2.535101857036352,9.55167,1.91453,1.75781,0.954868,0.184032,0.162333,2.64e-07,576,7488,3,1941962752,1930923582,11039170,107.459
xor,256,128,blosc-zstd,byte,3,xor__256__128__blosc-zstd__byte,4,False,2026-09-06T00:48:17.488925+00:00,2.8172156903892756,4.35518,15.1082,1.75781,0.121002,0.403614,0.166627,1.71e-07,576,7488,3,2880765952,2414656133,466109819,334.091
xor,1024,1024,blosc-lz4,bit,3,xor__1024__1024__blosc-lz4__bit,4,False,2026-09-06T00:48:20.307343+00:00,2.8182829804718494,7.8761,131.022,1.75781,0.0150261,0.223183,0.251004,2.06e-07,288,2016,3,2707423232,2695024702,12398530,139.156
rand,256,4,blosc-zstd,none,3,rand__256__4__blosc-zstd__none,4,False,2026-09-06T00:48:22.304857+00:00,1.9973753113299608,1.61971,1.1906,1.75781,1.53546,1.08526,0.154555,2.58e-07,576,7488,3,2366963712,1902055301,464908411,1015.71
rand,256,32,blosc-zstd,byte,3,rand__256__32__blosc-zstd__byte,4,False,2026-09-06T00:48:24.174944+00:00,1.8699567932635546,1.7071,1.22284,1.75781,1.49498,1.02971,0.163289,1.55e-07,576,7488,3,2685730816,2219598725,466132091,961.939
xor,256,32,blosc-zstd,byte,3,xor__256__32__blosc-zstd__byte,4,False,2026-09-06T00:48:27.238383+00:00,3.063305091112852,3.87543,11.2075,1.75781,0.163116,0.453579,0.156573,3.29e-07,576,7488,3,2685730816,2219598725,466132091,384.9
rand,256,64,blosc-lz4,byte,3,rand__256__64__blosc-lz4__byte,4,False,2026-09-06T00:48:28.465421+00:00,1.2269028145819902,3.84349,1.0801,1.75781,1.69256,0.457348,0.152153,5.07e-07,576,7488,3,1564475392,1552662078,11813314,388.063
xor,256,4,blosc-zstd,none,3,xor__256__4__blosc-zstd__none,4,False,2026-09-06T00:48:31.832745+00:00,3.3671953603625298,1.8356,3.75262,1.75781,0.48716,0.957624,0.158537,2.88e-07,576,7488,3,2366963712,1902055301,464908411,882.401
rand,1024,4,blosc-lz4,byte,3,rand__1024__4__blosc-lz4__byte,4,False,2026-09-06T00:48:33.033349+00:00,1.2004709411412477,10.0296,1.1186,1.75781,1.76001,0.175262,0.218454,1.95e-07,288,2016,3,5114953728,5105027134,9926594,78.808
rand,256,256,blosc-lz4,bit,3,rand__256__256__blosc-lz4__bit,4,False,2026-09-06T00:48:34.264572+00:00,1.231090310961008,5.72958,1.37832,1.75781,1.32635,0.306796,0.149203,2.16e-07,576,7488,3,1507852288,1495956030,11896258,241.258
rand,1024,4,blosc-zstd,none,3,rand__1024__4__blosc-zstd__none,4,False,2026-09-06T00:48:36.320944+00:00,2.0562440641224384,1.60668,1.28168,1.75781,1.53607,1.09407,0.256788,2.73e-07,288,2016,3,3675586560,3209439621,466146939,1002.94
xor,256,8,blosc-zstd,bit,3,xor__256__8__blosc-zstd__bit,4,False,2026-09-06T00:48:39.136208+00:00,2.8151262011379004,4.83003,45.563,1.75781,0.040123,0.363934,0.192608,1.59e-07,576,7488,3,2538930176,2074935173,463995003,280.587
rand,1024,1024,blosc-zstd,bit,3,rand__1024__1024__blosc-zstd__bit,4,False,2026-09-06T00:48:40.782847+00:00,1.6465091239660978,2.66145,1.49292,1.75781,1.31873,0.660471,0.221594,2.69e-07,288,2016,3,4336189440,3868112325,468077115,575.122
xor,256,16,blosc-zstd,byte,3,xor__256__16__blosc-zstd__byte,4,False,2026-09-06T00:48:43.922868+00:00,3.1398852728307247,3.33795,9.41461,1.75781,0.19418,0.526614,0.158592,2.02e-07,576,7488,3,2587164672,2122520453,464644219,456.156
rand,1024,16,blosc-lz4,bit,3,rand__1024__16__blosc-lz4__bit,4,False,2026-09-06T00:48:45.179099+00:00,1.2561046909540892,4.57603,1.48181,1.75781,1.32861,0.384135,0.227282,2.14e-07,288,2016,3,3300917248,3290433598,10483650,297.298
rand,256,4,blosc-lz4,bit,3,rand__256__4__blosc-lz4__bit,4,False,2026-09-06T00:48:46.114485+00:00,0.9352514166384935,11.0662,1.37021,1.75781,1.33419,0.158845,0.151727,2.8e-07,576,7488,3,2696937472,2686783038,10154434,60.4542
xor,1024,16,blosc-zstd,byte,3,xor__1024__16__blosc-zstd__byte,4,False,2026-09-06T00:48:49.259547+00:00,3.144928367808461,3.25018,7.91874,1.75781,0.248619,0.540836,0.221938,4.72e-07,288,2016,3,4044685312,3577084293,467601019,454.027
rand,1024,16,blosc-lz4,none,3,rand__1024__16__blosc-lz4__none,4,False,2026-09-06T00:48:50.882568+00:00,1.6228825692087412,3.32909,1.1191,1.75781,1.75923,0.528016,0.225128,4.21e-07,288,2016,3,2998927360,2988443710,10483650,432.942
rand,256,8,blosc-lz4,none,3,rand__256__8__blosc-lz4__none,4,False,2026-09-06T00:48:51.878576+00:00,0.9958772547543049,8.83025,1.03921,1.75781,1.75915,0.199067,0.181263,1.42e-07,576,7488,3,1941962752,1930923582,11039170,129.212
rand,1024,512,blosc-zstd,none,3,rand__1024__512__blosc-zstd__none,4,False,2026-09-06T00:48:53.663917+00:00,1.7851970363408327,2.54637,1.30822,1.75781,1.50491,0.69032,0.221443,1.67e-07,288,2016,3,4034199552,3566136837,468062715,601.487
xor,1024,4,blosc-zstd,none,3,xor__1024__4__blosc-zstd__none,4,False,2026-09-06T00:48:57.265156+00:00,3.6011045910418034,1.73615,3.33253,1.75781,0.590767,1.01247,0.219364,1.8e-07,288,2016,3,3675586560,3209439621,466146939,922.281
rand,1024,8,blosc-lz4,bit,3,rand__1024__8__blosc-lz4__bit,4,False,2026-09-06T00:48:58.366813+00:00,1.101522659882903,9.90761,1.47931,1.75781,1.33086,0.17742,0.218815,1.78e-07,288,2016,3,3904897024,3895298110,9598914,87.6554
xor,1024,512,blosc-lz4,byte,3,xor__1024__512__blosc-lz4__byte,4,False,2026-09-06T00:49:01.165654+00:00,2.798709036782384,4.80879,4.6285,1.75781,0.425354,0.365542,0.22931,2.48e-07,288,2016,3,2715811840,2704475710,11336130,279.907
rand,256,128,blosc-zstd,bit,3,rand__256__128__blosc-zstd__bit,4,False,2026-09-06T00:49:03.072193+00:00,1.9063901640474796,2.03185,1.38553,1.75781,1.31944,0.86513,0.152357,4.59e-07,576,7488,3,2880765952,2414656133,466109819,799.183
rand,256,8,blosc-zstd,none,3,rand__256__8__blosc-zstd__none,4,False,2026-09-06T00:49:04.961751+00:00,1.8894261959940195,1.72352,1.20496,1.75781,1.51717,1.0199,0.154253,2.05e-07,576,7488,3,2387935232,1923940229,463995003,950.422
xor,1024,32,blosc-zstd,byte,3,xor__1024__32__blosc-zstd__byte,4,False,2026-09-06T00:49:08.095826+00:00,3.1339292358607054,3.2729,10.571,1.75781,0.186241,0.537081,0.236689,2.89e-07,288,2016,3,4141154304,3673526661,467627643,453.667
xor,1024,8,blosc-lz4,byte,3,xor__1024__8__blosc-lz4__byte,4,False,2026-09-06T00:49:10.872395+00:00,2.7764313220977783,10.7085,3.00687,1.75781,0.654751,0.164151,0.231576,2.74e-07,288,2016,3,3904897024,3895298110,9598914,66.2056
xor,256,256,blosc-zstd,none,3,xor__256__256__blosc-zstd__none,4,False,2026-09-06T00:49:14.121347+00:00,3.2488259747624397,2.59074,7.19481,1.75781,0.254089,0.678499,0.153763,1.9e-07,576,7488,3,2729771008,2263632389,466138619,607.63
xor,1024,4,blosc-zstd,byte,3,xor__1024__4__blosc-zstd__byte,4,False,2026-09-06T00:49:17.494459+00:00,3.3729053679853678,2.20983,3.55035,1.75781,0.554523,0.795453,0.230054,1.76e-07,288,2016,3,3977576448,3511429509,466146939,706.533
xor,1024,1024,blosc-lz4,none,3,xor__1024__1024__blosc-lz4__none,4,False,2026-09-06T00:49:20.812157+00:00,3.3175723515450954,2.00421,2.86397,1.75781,0.68742,0.877062,0.232435,1.97e-07,288,2016,3,2405433344,2393034814,12398530,785.984
xor,256,64,blosc-lz4,none,3,xor__256__64__blosc-lz4__none,4,False,2026-09-06T00:49:23.610887+00:00,2.7985957376658916,8.01774,2.14791,1.75781,0.851116,0.21924,0.151392,3.21e-07,576,7488,3,1413480448,1401667134,11813314,144.932
rand,1024,128,blosc-lz4,byte,3,rand__1024__128__blosc-lz4__byte,4,False,2026-09-06T00:49:25.042364+00:00,1.4313416350632906,3.0801,1.17987,1.75781,1.66861,0.570701,0.241311,1.61e-07,288,2016,3,2772434944,2761177150,11257794,479.595
xor,1024,256,blosc-lz4,none,3,xor__1024__256__blosc-lz4__none,4,False,2026-09-06T00:49:27.936411+00:00,2.8939131405204535,5.07095,2.70367,1.75781,0.728176,0.346644,0.248583,1.6e-07,288,2016,3,2432696320,2421383230,11313090,256.863
rand,256,16,blosc-lz4,bit,3,rand__256__16__blosc-lz4__bit,4,False,2026-09-06T00:49:29.254945+00:00,1.3183955438435078,4.71848,1.37613,1.75781,1.32845,0.372538,0.17133,2.19e-07,576,7488,3,1790967808,1779486270,11481538,303.46
xor,1024,64,blosc-zstd,bit,3,xor__1024__64__blosc-zstd__bit,4,False,2026-09-06T00:49:32.126020+00:00,2.8709368370473385,4.51121,125.296,1.75781,0.0157127,0.389655,0.2234,1.57e-07,288,2016,3,4336189440,3868319109,467870331,287.589
xor,1024,32,blosc-zstd,bit,3,xor__1024__32__blosc-zstd__bit,4,False,2026-09-06T00:49:35.105860+00:00,2.9797065630555153,6.95676,106.653,1.75781,0.0184593,0.252677,0.220182,1.52e-07,288,2016,3,4141154304,3673526661,467627643,154.935
rand,256,256,blosc-zstd,byte,3,rand__256__256__blosc-zstd__byte,4,False,2026-09-06T00:49:36.711890+00:00,1.6058975290507078,2.37886,1.34241,1.75781,1.36182,0.738932,0.176043,2.16e-07,576,7488,3,2880765952,2414627333,466138619,671.142
rand,256,128,blosc-zstd,byte,3,rand__256__128__blosc-zstd__byte,4,False,2026-09-06T00:49:38.718698+00:00,2.0066762398928404,1.63197,1.347,1.75781,1.35718,1.07711,0.156447,2.28e-07,576,7488,3,2880765952,2414656133,466109819,1010.7
rand,256,8,blosc-lz4,bit,3,rand__256__8__blosc-lz4__bit,4,False,2026-09-06T00:49:39.751298+00:00,1.0324529632925987,10.7027,1.37389,1.75781,1.33062,0.164239,0.159035,1.47e-07,576,7488,3,2092957696,2081918526,11039170,88.3981
rand,1024,64,blosc-zstd,byte,3,rand__1024__64__blosc-zstd__byte,4,False,2026-09-06T00:49:42.013517+00:00,2.2620889376848936,1.5047,1.32442,1.75781,1.4865,1.16821,0.248394,1.95e-07,288,2016,3,4336189440,3868319109,467870331,1065.57
xor,256,64,blosc-zstd,none,3,xor__256__64__blosc-zstd__none,4,False,2026-09-06T00:49:45.324015+00:00,3.3103623520582914,2.39474,6.60527,1.75781,0.276768,0.73403,0.150047,1.53e-07,576,7488,3,2729771008,2263714181,466056827,663.873
xor,256,128,blosc-zstd,bit,3,xor__256__128__blosc-zstd__bit,4,False,2026-09-06T00:49:48.227679+00:00,2.903524247929454,6.57664,121.386,1.75781,0.0150604,0.267281,0.152426,2.85e-07,576,7488,3,2880765952,2414656133,466109819,184.362
xor,256,16,blosc-lz4,bit,3,xor__256__16__blosc-lz4__bit,4,False,2026-09-06T00:49:50.745541+00:00,2.517712000757456,10.3961,2.40546,1.75781,0.759991,0.169084,0.15573,2.83e-07,576,7488,3,1790967808,1779486270,11481538,83.9113
rand,1024,8,blosc-zstd,byte,3,rand__1024__8__blosc-zstd__byte,4,False,2026-09-06T00:49:52.702480+00:00,1.9568037204444408,1.70637,1.29675,1.75781,1.51822,1.03015,0.216778,5.65e-07,288,2016,3,3996450816,3530770821,465679995,943.593
xor,256,32,blosc-zstd,bit,3,xor__256__32__blosc-zstd__bit,4,False,2026-09-06T00:49:55.377455+00:00,2.674842182546854,6.84624,95.4645,1.75781,0.0191498,0.256756,0.191372,2.44e-07,576,7488,3,2685730816,2219598725,466132091,161.088
rand,1024,32,blosc-zstd,none,3,rand__1024__32__blosc-zstd__none,4,False,2026-09-06T00:49:57.416154+00:00,2.038566468283534,1.71462,1.3068,1.75781,1.50655,1.02519,0.221331,1.43e-07,288,2016,3,3839164416,3371536773,467627643,937.708
rand,256,64,blosc-zstd,none,3,rand__256__64__blosc-zstd__none,4,False,2026-09-06T00:49:59.527546+00:00,2.1112514715641737,1.46609,1.2143,1.75781,1.5055,1.19898,0.150198,2.01e-07,576,7488,3,2729771008,2263714181,466056827,1131.61
xor,1024,1024,blosc-zstd,bit,3,xor__1024__1024__blosc-zstd__bit,4,False,2026-09-06T00:50:02.524283+00:00,2.996601939201355,4.71792,360.654,1.75781,0.00545883,0.372582,0.221604,2.82e-07,288,2016,3,4336189440,3868112325,468077115,289
xor,1024,0,lz4,none,1,xor__1024__0__lz4__none,4,False,2026-09-06T00:50:06.158829+00:00,3.634416561573744,2.05915,2.86413,1.75781,0.687382,0.853659,0.231282,1.64e-07,288,2016,3,2101346304,2094581566,6764738,765.195
xor,1024,32,blosc-zstd,none,3,xor__1024__32__blosc-zstd__none,4,False,2026-09-06T00:50:09.656455+00:00,3.497496897354722,1.97745,5.81451,1.75781,0.338593,0.888929,0.2261,2.32e-07,288,2016,3,3839164416,3371536773,467627643,802.836
rand,256,128,blosc-lz4,byte,3,rand__256__128__blosc-lz4__byte,4,False,2026-09-06T00:50:10.858133+00:00,1.2015501167625189,5.90428,1.09566,1.75781,1.66852,0.297718,0.151825,1.49e-07,576,7488,3,1526726656,1514858046,11868610,226.815
rand,1024,8,blosc-zstd,none,3,rand__1024__8__blosc-zstd__none,4,False,2026-09-06T00:50:12.796613+00:00,1.9383458886295557,1.72056,1.29773,1.75781,1.51707,1.02165,0.230755,1.8e-07,288,2016,3,3694460928,3228780933,465679995,934.365
xor,256,32,blosc-lz4,bit,3,xor__256__32__blosc-lz4__bit,4,False,2026-09-06T00:50:15.317366+00:00,2.5206184703856707,10.0573,2.48679,1.75781,0.735134,0.174779,0.15445,2.92e-07,576,7488,3,1639972864,1628270142,11702722,102.265
rand,256,8,blosc-zstd,byte,3,rand__256__8__blosc-zstd__byte,4,False,2026-09-06T00:50:17.227505+00:00,1.9100136291235685,1.71083,1.20419,1.75781,1.51814,1.02746,0.149952,2.2e-07,576,7488,3,2538930176,2074935173,463995003,959.884
xor,256,32,blosc-lz4,byte,3,xor__256__32__blosc-lz4__byte,4,False,2026-09-06T00:50:19.732327+00:00,2.504684641957283,10.6258,3.92315,1.75781,0.465984,0.165429,0.155556,3.71e-07,576,7488,3,1639972864,1628270142,11702722,83.4539
rand,1024,256,blosc-lz4,bit,3,rand__1024__256__blosc-lz4__bit,4,False,2026-09-06T00:50:21.000877+00:00,1.2684173360466957,7.13346,1.48431,1.75781,1.32637,0.246418,0.23152,2.88e-07,288,2016,3,2734686208,2723373118,11313090,161.449
rand,256,16,blosc-zstd,none,3,rand__256__16__blosc-zstd__none,4,False,2026-09-06T00:50:22.823527+00:00,1.8225160352885723,1.77657,1.21089,1.75781,1.50974,0.989441,0.177028,1.52e-07,576,7488,3,2436169728,1971525509,464644219,921.494
rand,1024,16,blosc-zstd,none,3,rand__1024__16__blosc-zstd__none,4,False,2026-09-06T00:50:24.896468+00:00,2.07280539162457,1.71623,1.30418,1.75781,1.50957,1.02423,0.231116,1.4e-07,288,2016,3,3742695424,3275094405,467601019,935.085
xor,1024,64,blosc-lz4,none,3,xor__1024__64__blosc-lz4__none,4,False,2026-09-06T00:50:27.823660+00:00,2.927059231325984,7.64552,2.33428,1.75781,0.843407,0.229914,0.230786,2.26e-07,288,2016,3,2545942528,2534795326,11147202,137.72
xor,1024,256,blosc-zstd,none,3,xor__1024__256__blosc-zstd__none,4,False,2026-09-06T00:50:30.931513+00:00,3.107713509351015,2.82843,7.44448,1.75781,0.264458,0.621481,0.233176,1.4e-07,288,2016,3,4034199552,3566165637,468033915,537.072
xor,256,256,blosc-zstd,bit,3,xor__256__256__blosc-zstd__bit,4,False,2026-09-06T00:50:33.818786+00:00,2.887136286124587,4.25019,138.707,1.75781,0.0131798,0.413584,0.1616,2.5e-07,576,7488,3,2880765952,2414627333,466138619,347.528
rand,256,32,blosc-zstd,none,3,rand__256__32__blosc-zstd__none,4,False,2026-09-06T00:50:36.050378+00:00,2.2314594350755215,1.75042,1.21314,1.75781,1.50694,1.00423,0.152676,4.55e-07,576,7488,3,2534735872,2068603781,466132091,937.43
xor,256,128,blosc-lz4,bit,3,xor__256__128__blosc-lz4__bit,4,False,2026-09-06T00:50:38.649355+00:00,2.598843064159155,7.26941,3.79758,1.75781,0.481392,0.24181,0.162143,2.98e-07,576,7488,3,1526726656,1514858046,11868610,171.132
xor,1024,128,blosc-lz4,bit,3,xor__1024__128__blosc-lz4__bit,4,False,2026-09-06T00:50:41.370901+00:00,2.7214120756834745,8.90098,4.14385,1.75781,0.475101,0.197485,0.233255,2.11e-07,288,2016,3,2772434944,2761177150,11257794,109.505
rand,1024,0,zstd,none,0,rand__1024__0__zstd__none,4,False,2026-09-06T00:50:43.000679+00:00,1.629642654210329,2.70387,1.30841,1.75781,1.50469,0.650111,0.244455,1.53e-07,288,2016,3,3730112512,3264159621,465952891,562.362
xor,256,16,blosc-zstd,none,3,xor__256__16__blosc-zstd__none,4,False,2026-09-06T00:50:46.337570+00:00,3.3367450423538685,2.30946,5.42517,1.75781,0.336971,0.761136,0.175906,4.64e-07,576,7488,3,2436169728,1971525509,464644219,690.152
xor,1024,4,blosc-lz4,byte,3,xor__1024__4__blosc-lz4__byte,4,False,2026-09-06T00:50:49.182887+00:00,2.8451847676187754,10.9211,2.44739,1.75781,0.804428,0.160956,0.221814,2.8e-07,288,2016,3,5114953728,5105027134,9926594,55.8431
rand,1024,256,blosc-lz4,byte,3,rand__1024__256__blosc-lz4__byte,4,False,2026-09-06T00:50:50.585507+00:00,1.4024820160120726,5.1923,1.18885,1.75781,1.65601,0.338542,0.239863,2.79e-07,288,2016,3,2734686208,2723373118,11313090,248.263
xor,1024,256,blosc-lz4,bit,3,xor__1024__256__blosc-lz4__bit,4,False,2026-09-06T00:50:53.211664+00:00,2.626023745164275,8.39536,10.0901,1.75781,0.195118,0.209379,0.224484,1.88e-07,288,2016,3,2734686208,2723373118,11313090,125.452
rand,1024,1024,blosc-lz4,bit,3,rand__1024__1024__blosc-lz4__bit,4,False,2026-09-06T00:50:54.477978+00:00,1.2661647330969572,4.31754,1.48431,1.75781,1.32637,0.407133,0.220168,3.94e-07,288,2016,3,2707423232,2695024702,12398530,321.823
xor,1024,4,blosc-lz4,none,3,xor__1024__4__blosc-lz4__none,4,False,2026-09-06T00:50:57.311700+00:00,2.833584187552333,9.29299,1.46856,1.75781,1.3406,0.189155,0.216704,2.25e-07,288,2016,3,4812963840,4803037246,9926594,89.1723
rand,1024,4,blosc-zstd,bit,3,rand__1024__4__blosc-zstd__bit,4,False,2026-09-06T00:50:59.362921+00:00,2.0510741285979748,1.93412,1.47763,1.75781,1.33237,0.908841,0.244236,1.74e-07,288,2016,3,3977576448,3511429509,466146939,820.858
xor,1024,32,blosc-lz4,byte,3,xor__1024__32__blosc-lz4__byte,4,False,2026-09-06T00:51:01.960385+00:00,2.5973300710320473,10.5021,3.98582,1.75781,0.493938,0.167378,0.22713,1.75e-07,288,2016,3,2998927360,2988001342,10926018,78.7822
rand,1024,8,blosc-lz4,byte,3,rand__1024__8__blosc-lz4__byte,4,False,2026-09-06T00:51:03.052102+00:00,1.0915805045515299,7.39243,1.12061,1.75781,1.75685,0.237786,0.216365,2.44e-07,288,2016,3,3904897024,3895298110,9598914,145.275
xor,1024,256,blosc-lz4,byte,3,xor__1024__256__blosc-lz4__byte,4,False,2026-09-06T00:51:06.006554+00:00,2.9543172232806683,7.09815,4.49346,1.75781,0.438137,0.247644,0.234366,3.03e-07,288,2016,3,2734686208,2723373118,11313090,162.197
xor,256,64,blosc-zstd,bit,3,xor__256__64__blosc-zstd__bit,4,False,2026-09-06T00:51:08.742095+00:00,2.735409939661622,5.26675,112.232,1.75781,0.0162888,0.333757,0.158648,4.12e-07,576,7488,3,2880765952,2414709125,466056827,239.916
xor,256,8,blosc-zstd,none,3,xor__256__8__blosc-zstd__none,4,False,2026-09-06T00:51:11.929446+00:00,3.1872153524309397,2.19747,4.59858,1.75781,0.397541,0.799927,0.156735,4e-07,576,7488,3,2387935232,1923940229,463995003,730.081
rand,256,64,blosc-lz4,bit,3,rand__256__64__blosc-lz4__bit,4,False,2026-09-06T00:51:13.118581+00:00,1.188997246325016,5.57899,1.37811,1.75781,1.32655,0.315077,0.154668,2.51e-07,576,7488,3,1564475392,1552662078,11813314,248.464
rand,1024,256,blosc-zstd,none,3,rand__1024__256__blosc-zstd__none,4,False,2026-09-06T00:51:15.276286+00:00,2.157580642029643,1.64921,1.30815,1.75781,1.50499,1.06585,0.218918,1.89e-07,288,2016,3,4034199552,3566165637,468033915,972.154
rand,1024,1024,blosc-zstd,none,3,rand__1024__1024__blosc-zstd__none,4,False,2026-09-06T00:51:17.237939+00:00,1.9615161418914795,2.31618,1.30829,1.75781,1.50483,0.758928,0.21855,4.03e-07,288,2016,3,4034199552,3566122437,468077115,664.991
rand,1024,128,blosc-zstd,bit,3,rand__1024__128__blosc-zstd__bit,4,False,2026-09-06T00:51:19.156946+00:00,1.9188710544258356,1.94676,1.49256,1.75781,1.31905,0.902941,0.224392,1.57e-07,288,2016,3,4336189440,3868213125,467976315,815.213
rand,256,256,blosc-lz4,byte,3,rand__256__256__blosc-lz4__byte,4,False,2026-09-06T00:51:20.488395+00:00,1.331317825242877,3.60797,1.10139,1.75781,1.65984,0.487203,0.154499,2.64e-07,576,7488,3,1507852288,1495956030,11896258,415.686
xor,1024,8,blosc-zstd,byte,3,xor__1024__8__blosc-zstd__byte,4,False,2026-09-06T00:51:23.646921+00:00,3.158394059166312,2.97992,5.34881,1.75781,0.368073,0.589886,0.235517,1.88e-07,288,2016,3,3996450816,3530770821,465679995,500.627
rand,256,128,blosc-lz4,none,3,rand__256__128__blosc-lz4__none,4,False,2026-09-06T00:51:24.766918+00:00,1.1198627147823572,8.35526,1.03933,1.75781,1.75894,0.210384,0.16482,2.31e-07,576,7488,3,1375731712,1363863102,11868610,138.106
rand,256,16,blosc-zstd,bit,3,rand__256__16__blosc-zstd__bit,4,False,2026-09-06T00:51:26.382235+00:00,1.6151846759021282,2.21657,1.38229,1.75781,1.32253,0.793034,0.149636,2.96e-07,576,7488,3,2587164672,2122520453,464644219,727.477
xor,256,32,blosc-lz4,none,3,xor__256__32__blosc-lz4__none,4,False,2026-09-06T00:51:29.185598+00:00,2.8032286260277033,8.34835,2.07117,1.75781,0.882652,0.210558,0.151227,5.52e-07,576,7488,3,1488977920,1477275198,11702722,134.622
rand,1024,64,blosc-lz4,byte,3,rand__1024__64__blosc-lz4__byte,5,False,2026-09-06T00:51:30.680362+00:00,1.4945858027786016,2.89772,1.16312,1.75781,1.69265,0.606619,0.254932,1.57e-07,288,2016,3,2847932416,2836785214,11147202,514.037
rand,256,32,blosc-zstd,none,3,rand__256__32__blosc-zstd__none,5,False,2026-09-06T00:51:32.517975+00:00,1.8374821785837412,1.75412,1.21314,1.75781,1.50694,1.00211,0.154493,1.89e-07,576,7488,3,2534735872,2068603781,466132091,933.068
xor,1024,32,blosc-zstd,none,3,xor__1024__32__blosc-zstd__none,5,False,2026-09-06T00:51:35.804689+00:00,3.286577720195055,2.31972,5.81451,1.75781,0.338593,0.757768,0.240332,1.67e-07,288,2016,3,3839164416,3371536773,467627643,672.855
xor,1024,4,blosc-lz4,none,3,xor__1024__4__blosc-lz4__none,5,False,2026-09-06T00:51:38.819121+00:00,3.014296067878604,9.30832,1.46856,1.75781,1.3406,0.188843,0.244856,2.08e-07,288,2016,3,4812963840,4803037246,9926594,88.8322
rand,256,256,blosc-lz4,bit,3,rand__256__256__blosc-lz4__bit,5,False,2026-09-06T00:51:40.040527+00:00,1.2212690711021423,5.69567,1.37832,1.75781,1.32635,0.308623,0.193054,1.94e-07,576,7488,3,1507852288,1495956030,11896258,241.268
xor,256,8,blosc-lz4,bit,3,xor__256__8__blosc-lz4__bit,5,False,2026-09-06T00:51:42.552330+00:00,2.511664979159832,10.591,2.4276,1.75781,0.753059,0.165972,0.155328,4.52e-07,576,7488,3,2092957696,2081918526,11039170,77.9193
xor,1024,16,blosc-zstd,none,3,xor__1024__16__blosc-zstd__none,5,False,2026-09-06T00:51:45.826722+00:00,3.2742607817053795,2.25451,4.86667,1.75781,0.404537,0.779688,0.234707,2.58e-07,288,2016,3,3742695424,3275094405,467601019,692.54
xor,1024,8,blosc-zstd,none,3,xor__1024__8__blosc-zstd__none,5,False,2026-09-06T00:51:49.491307+00:00,3.664443399757147,2.12313,3.96135,1.75781,0.49699,0.827934,0.231914,1.73e-07,288,2016,3,3694460928,3228780933,465679995,739.233
xor,256,4,blosc-zstd,bit,3,xor__256__4__blosc-zstd__bit,5,False,2026-09-06T00:51:52.390737+00:00,2.899301692843437,3.82064,32.105,1.75781,0.056942,0.460083,0.176725,2.02e-07,576,7488,3,2517958656,2053050245,464908411,388.359
xor,1024,32,blosc-zstd,bit,3,xor__1024__32__blosc-zstd__bit,5,False,2026-09-06T00:51:55.511513+00:00,3.12062156945467,6.95653,106.653,1.75781,0.0184593,0.252685,0.234642,1.5e-07,288,2016,3,4141154304,3673526661,467627643,154.576
rand,1024,4,blosc-zstd,none,3,rand__1024__4__blosc-zstd__none,5,False,2026-09-06T00:51:57.534802+00:00,2.023153303191066,1.59529,1.28168,1.75781,1.53607,1.10188,0.226816,1.5e-07,288,2016,3,3675586560,3209439621,466146939,1009.69
rand,1024,0,lz4,none,1,rand__1024__0__lz4__none,5,False,2026-09-06T00:51:58.974739+00:00,1.4398021642118692,3.44304,1.11529,1.75781,1.76523,0.510541,0.223644,1.53e-07,288,2016,3,2101346304,2094581566,6764738,418.103
xor,1024,1024,blosc-lz4,none,3,xor__1024__1024__blosc-lz4__none,5,False,2026-09-06T00:52:02.508065+00:00,3.5331752225756645,1.9853,2.86397,1.75781,0.68742,0.885416,0.225995,2.06e-07,288,2016,3,2405433344,2393034814,12398530,795.648
rand,1024,128,blosc-lz4,none,3,rand__1024__128__blosc-lz4__none,5,False,2026-09-06T00:52:03.885298+00:00,1.3770961165428162,3.51985,1.11927,1.75781,1.75896,0.4994,0.227391,2.71e-07,288,2016,3,2470445056,2459187262,11257794,407.248
rand,1024,16,blosc-zstd,byte,3,rand__1024__16__blosc-zstd__byte,5,False,2026-09-06T00:52:05.906386+00:00,2.0209534019231796,1.62617,1.3089,1.75781,1.50412,1.08095,0.219066,2.2e-07,288,2016,3,4044685312,3577084293,467601019,993.922
rand,1024,32,blosc-lz4,byte,3,rand__1024__32__blosc-lz4__byte,5,False,2026-09-06T00:52:07.605706+00:00,1.6991876102983952,2.98565,1.14525,1.75781,1.71906,0.588754,0.224982,2.12e-07,288,2016,3,2998927360,2988001342,10926018,496.301
xor,1024,4,blosc-lz4,byte,3,xor__1024__4__blosc-lz4__byte,5,False,2026-09-06T00:52:10.207666+00:00,2.6016918402165174,10.6812,2.44739,1.75781,0.804428,0.16457,0.22713,2.27e-07,288,2016,3,5114953728,5105027134,9926594,55.3365
rand,1024,512,blosc-lz4,byte,3,rand__1024__512__blosc-lz4__byte,5,False,2026-09-06T00:52:11.684186+00:00,1.4763701651245356,3.56007,1.19191,1.75781,1.65176,0.493757,0.221051,1.43e-07,288,2016,3,2715811840,2704475710,11336130,402.886
rand,256,8,blosc-lz4,none,3,rand__256__8__blosc-lz4__none,5,False,2026-09-06T00:52:12.746285+00:00,1.061960780993104,8.72686,1.03921,1.75781,1.75915,0.201425,0.155445,5.89e-07,576,7488,3,1941962752,1930923582,11039170,129.151
xor,256,128,blosc-lz4,bit,3,xor__256__128__blosc-lz4__bit,5,False,2026-09-06T00:52:15.319943+00:00,2.5735276360064745,7.23678,3.79758,1.75781,0.481392,0.2429,0.158608,2.61e-07,576,7488,3,1526726656,1514858046,11868610,170.644
rand,256,16,blosc-lz4,bit,3,rand__256__16__blosc-lz4__bit,5,False,2026-09-06T00:52:16.489478+00:00,1.1694043967872858,4.76759,1.37613,1.75781,1.32845,0.368701,0.151733,2.84e-07,576,7488,3,1790967808,1779486270,11481538,303.459
rand,256,32,blosc-lz4,bit,3,rand__256__32__blosc-lz4__bit,5,False,2026-09-06T00:52:17.698388+00:00,1.208774322643876,4.38743,1.37734,1.75781,1.32728,0.400647,0.153255,1.77e-07,576,7488,3,1639972864,1628270142,11702722,333.021
xor,256,0,zstd,none,0,xor__256__0__zstd__none,5,False,2026-09-06T00:52:20.930415+00:00,3.2318881917744875,2.73169,7.19968,1.75781,0.253918,0.643489,0.157825,1.42e-07,576,7488,3,2576678912,2112629381,464049531,568.765
xor,256,256,blosc-zstd,none,3,xor__256__256__blosc-zstd__none,5,False,2026-09-06T00:52:24.151573+00:00,3.221028408035636,2.61216,7.19481,1.75781,0.254089,0.672935,0.16552,1.93e-07,576,7488,3,2729771008,2263632389,466138619,603.498
xor,1024,128,blosc-lz4,byte,3,xor__1024__128__blosc-lz4__byte,5,False,2026-09-06T00:52:26.816137+00:00,2.6644291933625937,9.69364,4.43301,1.75781,0.444111,0.181337,0.22311,1.8e-07,288,2016,3,2772434944,2761177150,11257794,94.8243
rand,256,32,blosc-lz4,byte,3,rand__256__32__blosc-lz4__byte,5,False,2026-09-06T00:52:28.152038+00:00,1.3357600029557943,3.28985,1.06348,1.75781,1.719,0.534315,0.158298,1.75e-07,576,7488,3,1639972864,1628270142,11702722,461.538
xor,256,8,blosc-zstd,none,3,xor__256__8__blosc-zstd__none,5,False,2026-09-06T00:52:31.544390+00:00,3.3922268971800804,2.18806,4.59858,1.75781,0.397541,0.803364,0.153545,2.52e-07,576,7488,3,2387935232,1923940229,463995003,730.648
rand,1024,1024,blosc-zstd,byte,3,rand__1024__1024__blosc-zstd__byte,5,False,2026-09-06T00:52:33.382084+00:00,1.8375676907598972,2.22486,1.44037,1.75781,1.36684,0.790077,0.246024,2.66e-07,288,2016,3,4336189440,3868112325,468077115,704.11
xor,1024,4,blosc-zstd,bit,3,xor__1024__4__blosc-zstd__bit,5,False,2026-09-06T00:52:36.371293+00:00,2.989072196185589,3.62487,36.2122,1.75781,0.0543671,0.484931,0.225739,4.43e-07,288,2016,3,3977576448,3511429509,466146939,400.831
xor,256,4,blosc-zstd,byte,3,xor__256__4__blosc-zstd__byte,5,False,2026-09-06T00:52:39.539579+00:00,3.1681510657072067,2.85378,5.01462,1.75781,0.364559,0.615959,0.14812,2.88e-07,576,7488,3,2517958656,2053050245,464908411,543.589
rand,256,32,blosc-lz4,none,3,rand__256__32__blosc-lz4__none,5,False,2026-09-06T00:52:40.977440+00:00,1.4377265889197588,3.50115,1.03931,1.75781,1.75899,0.502067,0.154923,1.5e-07,576,7488,3,1488977920,1477275198,11702722,430.095
rand,1024,1024,blosc-zstd,bit,3,rand__1024__1024__blosc-zstd__bit,5,False,2026-09-06T00:52:42.721578+00:00,1.7440016362816095,2.97908,1.49292,1.75781,1.31873,0.590052,0.233024,1.42e-07,288,2016,3,4336189440,3868112325,468077115,502.727
rand,256,4,blosc-zstd,none,3,rand__256__4__blosc-zstd__none,5,False,2026-09-06T00:52:44.665021+00:00,1.9433114603161812,1.60962,1.1906,1.75781,1.53546,1.09207,0.163913,1.86e-07,576,7488,3,2366963712,1902055301,464908411,1022.75
xor,256,64,blosc-zstd,bit,3,xor__256__64__blosc-zstd__bit,5,False,2026-09-06T00:52:47.377103+00:00,2.7119525521993637,5.94795,112.232,1.75781,0.0162888,0.295532,0.16788,3.85e-07,576,7488,3,2880765952,2414709125,466056827,206.703
xor,1024,8,blosc-lz4,byte,3,xor__1024__8__blosc-lz4__byte,5,False,2026-09-06T00:52:50.319176+00:00,2.9419420268386602,10.5555,3.00687,1.75781,0.654751,0.16653,0.228177,2.53e-07,288,2016,3,3904897024,3895298110,9598914,66.5532
rand,1024,512,blosc-zstd,none,3,rand__1024__512__blosc-zstd__none,5,False,2026-09-06T00:52:51.947378+00:00,1.6280665192753077,2.69207,1.30822,1.75781,1.50491,0.652959,0.255293,3.99e-07,288,2016,3,4034199552,3566136837,468062715,562.856
xor,1024,8,blosc-zstd,bit,3,xor__1024__8__blosc-zstd__bit,5,False,2026-09-06T00:52:54.975736+00:00,3.0282231383025646,6.40557,52.0363,1.75781,0.0378342,0.274419,0.229447,2.04e-07,288,2016,3,3996450816,3530770821,465679995,188.89
xor,256,16,blosc-lz4,none,3,xor__256__16__blosc-lz4__none,5,False,2026-09-06T00:52:57.540959+00:00,2.565081210806966,9.09005,2.03103,1.75781,0.900097,0.193378,0.174932,1.51e-07,576,7488,3,1639972864,1628491326,11481538,113.891
rand,256,128,blosc-lz4,none,3,rand__256__128__blosc-lz4__none,5,False,2026-09-06T00:52:58.627154+00:00,1.0859868824481964,8.52497,1.03933,1.75781,1.75894,0.206196,0.157086,2.28e-07,576,7488,3,1375731712,1363863102,11868610,122.769
rand,256,8,blosc-lz4,byte,3,rand__256__8__blosc-lz4__byte,5,False,2026-09-06T00:52:59.673634+00:00,1.046341322362423,8.02639,1.04085,1.75781,1.75637,0.219004,0.1919,3.71e-07,576,7488,3,2092957696,2081918526,11039170,148.658
xor,1024,1024,blosc-lz4,byte,3,xor__1024__1024__blosc-lz4__byte,5,False,2026-09-06T00:53:02.860690+00:00,3.186908170580864,3.0117,4.82951,1.75781,0.40765,0.583661,0.223484,1.65e-07,288,2016,3,2707423232,2695024702,12398530,495.827
xor,1024,0,zstd,none,0,xor__1024__0__zstd__none,5,False,2026-09-06T00:53:06.252454+00:00,3.3916138913482428,2.86391,7.70914,1.75781,0.255379,0.61378,0.236595,1.4e-07,288,2016,3,3730112512,3264159621,465952891,528.546
rand,1024,1024,blosc-lz4,none,3,rand__1024__1024__blosc-lz4__none,5,False,2026-09-06T00:53:07.617961+00:00,1.365373956039548,3.55315,1.11913,1.75781,1.75919,0.49472,0.220568,2.14e-07,288,2016,3,2405433344,2393034814,12398530,404.777
rand,256,64,blosc-zstd,byte,3,rand__256__64__blosc-zstd__byte,5,False,2026-09-06T00:53:09.621912+00:00,2.003817532211542,1.57609,1.22949,1.75781,1.4869,1.1153,0.147872,2.4e-07,576,7488,3,2880765952,2414709125,466056827,1048.6
xor,1024,128,blosc-lz4,bit,3,xor__1024__128__blosc-lz4__bit,5,False,2026-09-06T00:53:12.596203+00:00,2.9741547759622335,9.0203,4.14385,1.75781,0.475101,0.194873,0.224008,2.23e-07,288,2016,3,2772434944,2761177150,11257794,107.71
rand,1024,8,blosc-lz4,byte,3,rand__1024__8__blosc-lz4__byte,5,False,2026-09-06T00:53:13.802956+00:00,1.2066184896975756,7.46435,1.12061,1.75781,1.75685,0.235494,0.24834,1.61e-07,288,2016,3,3904897024,3895298110,9598914,145.417
xor,1024,512,blosc-lz4,none,3,xor__1024__512__blosc-lz4__none,5,False,2026-09-06T00:53:16.756249+00:00,2.953156642615795,3.28704,2.81228,1.75781,0.700054,0.53477,0.224567,2.21e-07,288,2016,3,2413821952,2402485822,11336130,443.842
rand,1024,128,blosc-lz4,bit,3,rand__1024__128__blosc-lz4__bit,5,False,2026-09-06T00:53:18.178778+00:00,1.4223961345851421,4.27331,1.48396,1.75781,1.32669,0.411347,0.224528,3.47e-07,288,2016,3,2772434944,2761177150,11257794,325.404
xor,1024,16,blosc-zstd,bit,3,xor__1024__16__blosc-zstd__bit,5,False,2026-09-06T00:53:21.015129+00:00,2.836207028478384,5.22605,78.1727,1.75781,0.0251846,0.336356,0.23727,2.17e-07,288,2016,3,4044685312,3577084293,467601019,239.274
rand,256,16,blosc-lz4,byte,3,rand__256__16__blosc-lz4__byte,5,False,2026-09-06T00:53:22.331633+00:00,1.3163653165102005,3.44684,1.04998,1.75781,1.7411,0.509979,0.156235,2.72e-07,576,7488,3,1790967808,1779486270,11481538,438.367
rand,1024,32,blosc-zstd,none,3,rand__1024__32__blosc-zstd__none,5,False,2026-09-06T00:53:24.505461+00:00,2.1736935134977102,1.57316,1.3068,1.75781,1.50655,1.11737,0.220418,2.12e-07,288,2016,3,3839164416,3371536773,467627643,1027.21
xor,256,256,blosc-lz4,byte,3,xor__256__256__blosc-lz4__byte,5,False,2026-09-06T00:53:27.230950+00:00,2.72535552829504,5.20532,4.59347,1.75781,0.397984,0.337695,0.15431,1.94e-07,576,7488,3,1507852288,1495956030,11896258,266.479
rand,1024,16,blosc-lz4,byte,3,rand__1024__16__blosc-lz4__byte,5,False,2026-09-06T00:53:28.657804+00:00,1.4267158936709166,3.23275,1.13063,1.75781,1.74128,0.543751,0.220178,1.7e-07,288,2016,3,3300917248,3290433598,10483650,453.341
xor,1024,32,blosc-lz4,byte,3,xor__1024__32__blosc-lz4__byte,5,False,2026-09-06T00:53:31.335354+00:00,2.6774168834090233,10.8715,3.98582,1.75781,0.493938,0.16169,0.246955,2.64e-07,288,2016,3,2998927360,2988001342,10926018,78.6811
rand,1024,8,blosc-zstd,byte,3,rand__1024__8__blosc-zstd__byte,5,False,2026-09-06T00:53:33.528309+00:00,2.1928216721862555,1.6957,1.29675,1.75781,1.51822,1.03663,0.223546,1.5e-07,288,2016,3,3996450816,3530770821,465679995,945.726
xor,256,32,blosc-zstd,none,3,xor__256__32__blosc-zstd__none,5,False,2026-09-06T00:53:36.801223+00:00,3.2727801613509655,2.39021,6.0227,1.75781,0.303539,0.735421,0.192375,2.88e-07,576,7488,3,2534735872,2068603781,466132091,663.33
rand,1024,512,blosc-lz4,none,3,rand__1024__512__blosc-lz4__none,5,False,2026-09-06T00:53:38.113696+00:00,1.3123355116695166,5.48026,1.1191,1.75781,1.75923,0.320754,0.214827,1.51e-07,288,2016,3,2413821952,2402485822,11336130,229.923
xor,256,8,blosc-lz4,byte,3,xor__256__8__blosc-lz4__byte,5,False,2026-09-06T00:53:40.803628+00:00,2.6897917110472918,10.2643,3.27963,1.75781,0.557419,0.171254,0.150607,1.91e-07,576,7488,3,2092957696,2081918526,11039170,65.1133
xor,1024,64,blosc-lz4,bit,3,xor__1024__64__blosc-lz4__bit,5,False,2026-09-06T00:53:43.429791+00:00,2.626018740236759,9.00472,2.73165,1.75781,0.720718,0.19521,0.224842,1.55e-07,288,2016,3,2847932416,2836785214,11147202,104.608
rand,256,16,blosc-zstd,bit,3,rand__256__16__blosc-zstd__bit,5,False,2026-09-06T00:53:45.124373+00:00,1.6944532413035631,2.17869,1.38229,1.75781,1.32253,0.806823,0.147604,3.03e-07,576,7488,3,2587164672,2122520453,464644219,741.094
rand,256,128,blosc-zstd,bit,3,rand__256__128__blosc-zstd__bit,5,False,2026-09-06T00:53:46.773289+00:00,1.6487837992608547,2.10689,1.38553,1.75781,1.31944,0.834316,0.153719,3.88e-07,576,7488,3,2880765952,2414656133,466109819,769.123
rand,256,8,blosc-zstd,none,3,rand__256__8__blosc-zstd__none,5,False,2026-09-06T00:53:48.645703+00:00,1.872278604656458,1.72503,1.20496,1.75781,1.51717,1.019,0.151453,1.62e-07,576,7488,3,2387935232,1923940229,463995003,949.595
xor,1024,1024,blosc-zstd,none,3,xor__1024__1024__blosc-zstd__none,5,False,2026-09-06T00:53:51.696283+00:00,3.050445346161723,3.24433,7.70845,1.75781,0.255402,0.541811,0.24955,1.55e-07,288,2016,3,4034199552,3566122437,468077115,458.357
xor,1024,32,blosc-lz4,bit,3,xor__1024__32__blosc-lz4__bit,5,False,2026-09-06T00:53:54.444012+00:00,2.747592132538557,9.66081,2.64591,1.75781,0.744072,0.181953,0.257761,2.86e-07,288,2016,3,2998927360,2988001342,10926018,91.359
rand,1024,16,blosc-lz4,none,3,rand__1024__16__blosc-lz4__none,5,False,2026-09-06T00:53:55.879454+00:00,1.435308014973998,3.35333,1.1191,1.75781,1.75923,0.5242,0.226716,2.2e-07,288,2016,3,2998927360,2988443710,10483650,433.424
rand,1024,8,blosc-zstd,none,3,rand__1024__8__blosc-zstd__none,5,False,2026-09-06T00:53:57.866473+00:00,1.9868868924677372,1.71533,1.29773,1.75781,1.51707,1.02477,0.236386,3.06e-07,288,2016,3,3694460928,3228780933,465679995,934.527
rand,1024,32,blosc-zstd,byte,3,rand__1024__32__blosc-zstd__byte,5,False,2026-09-06T00:53:59.823401+00:00,1.9567974116653204,1.70913,1.31732,1.75781,1.49451,1.02849,0.224956,1.7e-07,288,2016,3,4141154304,3673526661,467627643,940.114
xor,256,128,blosc-zstd,bit,3,xor__256__128__blosc-zstd__bit,5,False,2026-09-06T00:54:02.520748+00:00,2.697213664650917,6.75468,121.386,1.75781,0.0150604,0.260236,0.186647,2.04e-07,576,7488,3,2880765952,2414656133,466109819,184.309
xor,256,64,blosc-lz4,bit,3,xor__256__64__blosc-lz4__bit,5,False,2026-09-06T00:54:05.173033+00:00,2.6521323435008526,9.45407,2.53693,1.75781,0.720604,0.185932,0.158625,2.55e-07,576,7488,3,1564475392,1552662078,11813314,110.664
rand,256,0,lz4,none,1,rand__256__0__lz4__none,5,False,2026-09-06T00:54:06.303599+00:00,1.1304297801107168,5.91088,1.03574,1.75781,1.76504,0.297386,0.157833,2.55e-07,576,7488,3,1203765248,1195703358,8061890,230.452
rand,1024,64,blosc-lz4,bit,3,rand__1024__64__blosc-lz4__bit,5,False,2026-09-06T00:54:07.654348+00:00,1.350618101656437,3.83432,1.48365,1.75781,1.32697,0.458442,0.250241,2.97e-07,288,2016,3,2847932416,2836785214,11147202,372.356
rand,1024,64,blosc-zstd,bit,3,rand__1024__64__blosc-zstd__bit,5,False,2026-09-06T00:54:09.557136+00:00,1.902657961472869,2.11202,1.49193,1.75781,1.3196,0.83229,0.220196,1.72e-07,288,2016,3,4336189440,3868319109,467870331,747.749
xor,1024,256,blosc-lz4,bit,3,xor__1024__256__blosc-lz4__bit,5,False,2026-09-06T00:54:12.193854+00:00,2.636583160609007,8.36049,10.0901,1.75781,0.195118,0.210252,0.223167,2.02e-07,288,2016,3,2734686208,2723373118,11313090,126.182
rand,1024,512,blosc-zstd,bit,3,rand__1024__512__blosc-zstd__bit,5,False,2026-09-06T00:54:13.714900+00:00,1.520914750173688,2.89278,1.49292,1.75781,1.31873,0.607655,0.219853,1.8e-07,288,2016,3,4336189440,3868126725,468062715,523.225
xor,256,128,blosc-lz4,none,3,xor__256__128__blosc-lz4__none,5,False,2026-09-06T00:54:16.491307+00:00,2.776271343231201,5.06318,2.1588,1.75781,0.846825,0.347176,0.15456,2.19e-07,576,7488,3,1375731712,1363863102,11868610,271.344
rand,1024,256,blosc-zstd,none,3,rand__1024__256__blosc-zstd__none,5,False,2026-09-06T00:54:18.393400+00:00,1.901966780424118,1.79812,1.30815,1.75781,1.50499,0.977582,0.224325,1.82e-07,288,2016,3,4034199552,3566165637,468033915,888.73
xor,1024,1024,blosc-zstd,bit,3,xor__1024__1024__blosc-zstd__bit,5,False,2026-09-06T00:54:21.274206+00:00,2.880671977996826,5.01141,360.654,1.75781,0.00545883,0.350762,0.23475,5.06e-07,288,2016,3,4336189440,3868112325,468077115,268.609
rand,256,64,blosc-lz4,byte,3,rand__256__64__blosc-lz4__byte,5,False,2026-09-06T00:54:22.540683+00:00,1.2663415037095547,3.83755,1.0801,1.75781,1.69256,0.458056,0.163187,1.53e-07,576,7488,3,1564475392,1552662078,11813314,387.112
rand,256,64,blosc-zstd,bit,3,rand__256__64__blosc-zstd__bit,5,False,2026-09-06T00:54:24.426149+00:00,1.8853333946317434,2.07306,1.38508,1.75781,1.31987,0.847932,0.15078,2.86e-07,576,7488,3,2880765952,2414709125,466056827,783.068
rand,1024,4,blosc-zstd,bit,3,rand__1024__4__blosc-zstd__bit,5,False,2026-09-06T00:54:26.386522+00:00,1.9602350872009993,1.8331,1.47763,1.75781,1.33237,0.958927,0.220291,1.42e-07,288,2016,3,3977576448,3511429509,466146939,872.566
xor,1024,16,blosc-lz4,byte,3,xor__1024__16__blosc-lz4__byte,5,False,2026-09-06T00:54:29.175360+00:00,2.7886961605399847,10.3633,3.59073,1.75781,0.548286,0.16962,0.22195,3.05e-07,288,2016,3,3300917248,3290433598,10483650,78.8331
xor,256,32,blosc-zstd,bit,3,xor__256__32__blosc-zstd__bit,5,False,2026-09-06T00:54:31.955647+00:00,2.7801498621702194,4.76925,95.4645,1.75781,0.0191498,0.368572,0.155732,2.95e-07,576,7488,3,2685730816,2219598725,466132091,253.254
rand,256,64,blosc-lz4,bit,3,rand__256__64__blosc-lz4__bit,5,False,2026-09-06T00:54:33.117163+00:00,1.1613630801439285,5.58049,1.37811,1.75781,1.32655,0.314993,0.149972,2.71e-07,576,7488,3,1564475392,1552662078,11813314,249.864
rand,1024,32,blosc-lz4,none,3,rand__1024__32__blosc-lz4__none,5,False,2026-09-06T00:54:34.691362+00:00,1.5740600153803825,3.11402,1.11918,1.75781,1.75909,0.564483,0.224635,2.83e-07,288,2016,3,2696937472,2686011454,10926018,474.668
rand,1024,256,blosc-zstd,byte,3,rand__1024__256__blosc-zstd__byte,5,False,2026-09-06T00:54:36.678272+00:00,1.9867815040051937,1.70769,1.44589,1.75781,1.36162,1.02935,0.23876,2.48e-07,288,2016,3,4336189440,3868155525,468033915,944.575
rand,1024,4,blosc-zstd,byte,3,rand__1024__4__blosc-zstd__byte,5,False,2026-09-06T00:54:38.688336+00:00,2.0099298246204853,1.5878,1.27585,1.75781,1.54309,1.10707,0.226945,2.49e-07,288,2016,3,3977576448,3511429509,466146939,1018.77
xor,256,32,blosc-zstd,byte,3,xor__256__32__blosc-zstd__byte,5,False,2026-09-06T00:54:41.758880+00:00,3.0704095400869846,3.84831,11.2075,1.75781,0.163116,0.456775,0.167145,2.32e-07,576,7488,3,2685730816,2219598725,466132091,386.659
rand,256,8,blosc-zstd,byte,3,rand__256__8__blosc-zstd__byte,5,False,2026-09-06T00:54:43.677070+00:00,1.9180519040673971,1.69651,1.20419,1.75781,1.51814,1.03613,0.151443,3.03e-07,576,7488,3,2538930176,2074935173,463995003,965.177
xor,256,4,blosc-lz4,bit,3,xor__256__4__blosc-lz4__bit,5,False,2026-09-06T00:54:46.203935+00:00,2.5267281215637922,9.1713,2.50416,1.75781,0.730034,0.191664,0.150806,4.02e-07,576,7488,3,2696937472,2686783038,10154434,70.2594
rand,256,128,blosc-lz4,bit,3,rand__256__128__blosc-lz4__bit,5,False,2026-09-06T00:54:47.296753+00:00,1.0926920734345913,9.0321,1.37811,1.75781,1.32655,0.194618,0.154939,3.66e-07,576,7488,3,1526726656,1514858046,11868610,127.535
rand,256,128,blosc-lz4,byte,3,rand__256__128__blosc-lz4__byte,5,False,2026-09-06T00:54:48.482108+00:00,1.1852073427289724,5.93731,1.09566,1.75781,1.66852,0.296062,0.175272,3.42e-07,576,7488,3,1526726656,1514858046,11868610,226.806
rand,1024,256,blosc-lz4,bit,3,rand__1024__256__blosc-lz4__bit,5,False,2026-09-06T00:54:49.603754+00:00,1.1215169467031956,7.23682,1.48431,1.75781,1.32637,0.242899,0.24305,1.6e-07,288,2016,3,2734686208,2723373118,11313090,158.668
xor,256,64,blosc-lz4,none,3,xor__256__64__blosc-lz4__none,5,False,2026-09-06T00:54:52.433212+00:00,2.82930345274508,7.97287,2.14791,1.75781,0.851116,0.220474,0.148946,1.86e-07,576,7488,3,1413480448,1401667134,11813314,144.815
rand,1024,32,blosc-lz4,bit,3,rand__1024__32__blosc-lz4__bit,5,False,2026-09-06T00:54:53.740357+00:00,1.307011365890503,4.17063,1.48324,1.75781,1.32733,0.421474,0.233421,2.99e-07,288,2016,3,2998927360,2988001342,10926018,337.688
xor,256,4,blosc-zstd,none,3,xor__256__4__blosc-zstd__none,5,False,2026-09-06T00:54:57.132679+00:00,3.3921888805925846,1.74069,3.75262,1.75781,0.48716,1.00983,0.146867,2.73e-07,576,7488,3,2366963712,1902055301,464908411,937.633
rand,1024,1024,blosc-lz4,bit,3,rand__1024__1024__blosc-lz4__bit,5,False,2026-09-06T00:54:58.408078+00:00,1.2752463482320309,4.32523,1.48431,1.75781,1.32637,0.406409,0.217003,2.07e-07,288,2016,3,2707423232,2695024702,12398530,321.904
xor,256,16,blosc-zstd,none,3,xor__256__16__blosc-zstd__none,5,False,2026-09-06T00:55:01.653388+00:00,3.2451778557151556,2.31265,5.42517,1.75781,0.336971,0.760084,0.185958,1.84e-07,576,7488,3,2436169728,1971525509,464644219,688.45
xor,1024,256,blosc-zstd,none,3,xor__1024__256__blosc-zstd__none,5,False,2026-09-06T00:55:04.892133+00:00,3.238610364496708,3.04768,7.44448,1.75781,0.264458,0.57677,0.219425,3.9e-07,288,2016,3,4034199552,3566165637,468033915,490.958
rand,256,4,blosc-lz4,none,3,rand__256__4__blosc-lz4__none,5,False,2026-09-06T00:55:05.927942+00:00,1.0356741398572922,10.6974,1.03908,1.75781,1.75938,0.164321,0.156316,1.97e-07,576,7488,3,2545942528,2535788094,10154434,69.7686
xor,1024,8,blosc-lz4,none,3,xor__1024__8__blosc-lz4__none,5,False,2026-09-06T00:55:08.593224+00:00,2.665152421221137,8.72208,1.76662,1.75781,1.11441,0.201536,0.251213,5.1e-07,288,2016,3,3602907136,3593308222,9598914,105.563
xor,1024,64,blosc-zstd,bit,3,xor__1024__64__blosc-zstd__bit,5,False,2026-09-06T00:55:11.674212+00:00,3.0808535646647215,4.5054,125.296,1.75781,0.0157127,0.390157,0.229571,1.65e-07,288,2016,3,4336189440,3868319109,467870331,290.993
xor,256,32,blosc-lz4,none,3,xor__256__32__blosc-lz4__none,5,False,2026-09-06T00:55:14.489264+00:00,2.8149192947894335,8.35072,2.07117,1.75781,0.882652,0.210498,0.14819,4.08e-07,576,7488,3,1488977920,1477275198,11702722,135.025
xor,256,16,blosc-zstd,byte,3,xor__256__16__blosc-zstd__byte,5,False,2026-09-06T00:55:17.355332+00:00,2.865937728434801,3.72236,9.41461,1.75781,0.19418,0.472231,0.151189,1.81e-07,576,7488,3,2587164672,2122520453,464644219,400.435
xor,1024,256,blosc-lz4,none,3,xor__1024__256__blosc-lz4__none,5,False,2026-09-06T00:55:20.345460+00:00,2.989994339644909,5.01896,2.70367,1.75781,0.728176,0.350234,0.221831,3.43e-07,288,2016,3,2432696320,2421383230,11313090,258.533
rand,1024,256,blosc-zstd,bit,3,rand__1024__256__blosc-zstd__bit,5,False,2026-09-06T00:55:22.213734+00:00,1.8681376930326223,2.07946,1.49261,1.75781,1.319,0.845322,0.219363,2.07e-07,288,2016,3,4336189440,3868155525,468033915,758.622
xor,1024,4,blosc-zstd,byte,3,xor__1024__4__blosc-zstd__byte,5,False,2026-09-06T00:55:25.464536+00:00,3.250670837238431,2.30777,3.55035,1.75781,0.554523,0.761693,0.22414,2.04e-07,288,2016,3,3977576448,3511429509,466146939,669.165
rand,1024,64,blosc-zstd,byte,3,rand__1024__64__blosc-zstd__byte,5,False,2026-09-06T00:55:27.601638+00:00,2.136960005387664,1.59,1.32442,1.75781,1.4865,1.10555,0.225259,1.55e-07,288,2016,3,4336189440,3868319109,467870331,1015.26
rand,1024,8,blosc-lz4,none,3,rand__1024__8__blosc-lz4__none,5,False,2026-09-06T00:55:28.770152+00:00,1.168370932340622,7.91888,1.11892,1.75781,1.75951,0.221977,0.229113,2.77e-07,288,2016,3,3602907136,3593308222,9598914,128.625
xor,1024,0,lz4,none,1,xor__1024__0__lz4__none,5,False,2026-09-06T00:55:32.373930+00:00,3.6036413721740246,2.03524,2.86413,1.75781,0.687382,0.863688,0.225883,1.5e-07,288,2016,3,2101346304,2094581566,6764738,772.581
rand,1024,4,blosc-lz4,none,3,rand__1024__4__blosc-lz4__none,5,False,2026-09-06T00:55:33.434814+00:00,1.0607482846826315,10.3899,1.1186,1.75781,1.76001,0.169185,0.251546,1.59e-07,288,2016,3,4812963840,4803037246,9926594,70.7982
xor,1024,64,blosc-zstd,byte,3,xor__1024__64__blosc-zstd__byte,5,False,2026-09-06T00:55:36.539999+00:00,3.105050230398774,3.36503,12.8953,1.75781,0.152672,0.522376,0.218286,1.76e-07,288,2016,3,4336189440,3868319109,467870331,440.932
xor,256,256,blosc-zstd,byte,3,xor__256__256__blosc-zstd__byte,5,False,2026-09-06T00:55:39.630643+00:00,3.09050802141428,4.50847,16.1821,1.75781,0.112972,0.389892,0.164231,2.13e-07,576,7488,3,2880765952,2414627333,466138619,319.638
rand,1024,512,blosc-zstd,byte,3,rand__1024__512__blosc-zstd__byte,5,False,2026-09-06T00:55:41.461977+00:00,1.8311840072274208,1.97599,1.4424,1.75781,1.36491,0.889588,0.222683,3e-07,288,2016,3,4336189440,3868126725,468062715,800.323
xor,256,128,blosc-lz4,byte,3,xor__256__128__blosc-lz4__byte,5,False,2026-09-06T00:55:44.067359+00:00,2.605244079604745,7.8226,4.529,1.75781,0.403648,0.224709,0.160403,1.84e-07,576,7488,3,1526726656,1514858046,11868610,149.577
rand,1024,256,blosc-lz4,byte,3,rand__1024__256__blosc-lz4__byte,5,False,2026-09-06T00:55:45.414988+00:00,1.3475003447383642,5.18418,1.18885,1.75781,1.65601,0.339073,0.227594,4.97e-07,288,2016,3,2734686208,2723373118,11313090,249.1
rand,256,4,blosc-lz4,byte,3,rand__256__4__blosc-lz4__byte,5,False,2026-09-06T00:55:46.559873+00:00,1.1447480004280806,10.8132,1.03908,1.75781,1.75938,0.162561,0.153919,3.32e-07,576,7488,3,2696937472,2686783038,10154434,77.1147
rand,256,0,zstd,none,0,rand__256__0__zstd__none,5,False,2026-09-06T00:55:48.013264+00:00,1.4532581716775894,2.83031,1.21453,1.75781,1.50521,0.621066,0.182169,1.44e-07,576,7488,3,2576678912,2112629381,464049531,552.7
rand,256,32,blosc-zstd,byte,3,rand__256__32__blosc-zstd__byte,5,False,2026-09-06T00:55:49.892221+00:00,1.8788216691464186,1.70407,1.22284,1.75781,1.49498,1.03154,0.14691,2.26e-07,576,7488,3,2685730816,2219598725,466132091,961.333
xor,1024,256,blosc-lz4,byte,3,xor__1024__256__blosc-lz4__byte,5,False,2026-09-06T00:55:52.638298+00:00,2.7459379602223635,7.02948,4.49346,1.75781,0.438137,0.250063,0.25807,1.75e-07,288,2016,3,2734686208,2723373118,11313090,162.508
rand,256,8,blosc-lz4,bit,3,rand__256__8__blosc-lz4__bit,5,False,2026-09-06T00:55:53.649408+00:00,1.010976392775774,10.6897,1.37389,1.75781,1.33062,0.16444,0.17754,3.02e-07,576,7488,3,2092957696,2081918526,11039170,88.4881
xor,1024,16,blosc-lz4,bit,3,xor__1024__16__blosc-lz4__bit,5,False,2026-09-06T00:55:56.349774+00:00,2.700231896713376,10.0091,2.6904,1.75781,0.73177,0.175622,0.23457,2.12e-07,288,2016,3,3300917248,3290433598,10483650,82.3649
rand,256,4,blosc-zstd,bit,3,rand__256__4__blosc-zstd__bit,5,False,2026-09-06T00:55:58.242897+00:00,1.8929903712123632,1.76837,1.37249,1.75781,1.33198,0.99403,0.152547,1.51e-07,576,7488,3,2517958656,2053050245,464908411,926.649
xor,256,8,blosc-zstd,byte,3,xor__256__8__blosc-zstd__byte,5,False,2026-09-06T00:56:01.339595+00:00,3.0965586323291063,3.31247,7.20606,1.75781,0.253693,0.530665,0.171226,3.05e-07,576,7488,3,2538930176,2074935173,463995003,457.318
rand,256,16,blosc-zstd,byte,3,rand__256__16__blosc-zstd__byte,5,False,2026-09-06T00:56:03.187881+00:00,1.8481524027884007,1.73639,1.21518,1.75781,1.50441,1.01234,0.1513,2.22e-07,576,7488,3,2587164672,2122520453,464644219,943.485
rand,256,16,blosc-zstd,none,3,rand__256__16__blosc-zstd__none,5,False,2026-09-06T00:56:05.034250+00:00,1.8462343569844961,1.73847,1.21089,1.75781,1.50974,1.01113,0.149871,2.75e-07,576,7488,3,2436169728,1971525509,464644219,941.996
rand,1024,16,blosc-zstd,none,3,rand__1024__16__blosc-zstd__none,5,False,2026-09-06T00:56:07.230979+00:00,2.1966021470725536,1.60871,1.30418,1.75781,1.50957,1.09268,0.234491,2.28e-07,288,2016,3,3742695424,3275094405,467601019,994.394
xor,1024,1024,blosc-zstd,byte,3,xor__1024__1024__blosc-zstd__byte,5,False,2026-09-06T00:56:10.458183+00:00,3.227068517357111,3.43386,16.0552,1.75781,0.122623,0.511905,0.2319,1.51e-07,288,2016,3,4336189440,3868112325,468077115,427.597
rand,256,16,blosc-lz4,none,3,rand__256__16__blosc-lz4__none,5,False,2026-09-06T00:56:11.969546+00:00,1.5112276636064053,3.6535,1.03927,1.75781,1.75904,0.481131,0.159312,2.98e-07,576,7488,3,1639972864,1628491326,11481538,410.16
xor,1024,16,blosc-lz4,none,3,xor__1024__16__blosc-lz4__none,5,False,2026-09-06T00:56:14.625811+00:00,2.6561352647840977,8.4759,2.07115,1.75781,0.950558,0.207389,0.237642,2.15e-07,288,2016,3,2998927360,2988443710,10483650,112.27
xor,256,64,blosc-zstd,none,3,xor__256__64__blosc-zstd__none,5,False,2026-09-06T00:56:17.757115+00:00,3.131168022751808,2.37959,6.60527,1.75781,0.276768,0.738703,0.156515,1.68e-07,576,7488,3,2729771008,2263714181,466056827,667.409
xor,1024,256,blosc-zstd,bit,3,xor__1024__256__blosc-zstd__bit,5,False,2026-09-06T00:56:20.717445+00:00,2.960199037566781,5.49251,190.301,1.75781,0.0103455,0.320038,0.237926,2.18e-07,288,2016,3,4336189440,3868155525,468033915,237.414
xor,256,256,blosc-lz4,none,3,xor__256__256__blosc-lz4__none,5,False,2026-09-06T00:56:23.696179+00:00,2.97860343195498,3.03361,2.17014,1.75781,0.8424,0.579447,0.162795,4.51e-07,576,7488,3,1356857344,1344961086,11896258,503.565
rand,1024,256,blosc-lz4,none,3,rand__1024__256__blosc-lz4__none,5,False,2026-09-06T00:56:24.950077+00:00,1.2537628896534443,7.58837,1.11927,1.75781,1.75896,0.231646,0.229392,2.28e-07,288,2016,3,2432696320,2421383230,11313090,139.892
rand,256,4,blosc-zstd,byte,3,rand__256__4__blosc-zstd__byte,5,False,2026-09-06T00:56:26.911950+00:00,1.9617371205240488,1.58631,1.18497,1.75781,1.54276,1.10811,0.154408,1.52e-07,576,7488,3,2517958656,2053050245,464908411,1039.81
rand,1024,128,blosc-lz4,byte,3,rand__1024__128__blosc-lz4__byte,5,False,2026-09-06T00:56:28.341524+00:00,1.429453058168292,3.09825,1.17987,1.75781,1.66861,0.567357,0.22278,2.99e-07,288,2016,3,2772434944,2761177150,11257794,477.081
xor,256,64,blosc-lz4,byte,3,xor__256__64__blosc-lz4__byte,5,False,2026-09-06T00:56:31.037951+00:00,2.696296015754342,10.6227,4.19496,1.75781,0.435791,0.165477,0.153688,2.59e-07,576,7488,3,1564475392,1552662078,11813314,82.5436
xor,1024,8,blosc-lz4,bit,3,xor__1024__8__blosc-lz4__bit,5,False,2026-09-06T00:56:33.859219+00:00,2.8211269062012434,10.4404,2.79932,1.75781,0.703297,0.168367,0.220853,2e-07,288,2016,3,3904897024,3895298110,9598914,74.3654
xor,256,64,blosc-zstd,byte,3,xor__256__64__blosc-zstd__byte,5,False,2026-09-06T00:56:36.763233+00:00,2.9038842022418976,3.75652,13.6122,1.75781,0.1343,0.467937,0.151799,2.22e-07,576,7488,3,2880765952,2414709125,466056827,398.396
xor,1024,4,blosc-lz4,bit,3,xor__1024__4__blosc-lz4__bit,5,False,2026-09-06T00:56:39.737695+00:00,2.974325144663453,10.5072,2.91099,1.75781,0.676315,0.167296,0.221694,1.69e-07,288,2016,3,5114953728,5105027134,9926594,70.5231
xor,1024,256,blosc-zstd,byte,3,xor__1024__256__blosc-zstd__byte,5,False,2026-09-06T00:56:42.721104+00:00,2.9832720160484314,4.15892,15.1985,1.75781,0.129536,0.422661,0.22492,2.24e-07,288,2016,3,4336189440,3868155525,468033915,335.826
xor,256,128,blosc-zstd,none,3,xor__256__128__blosc-zstd__none,5,False,2026-09-06T00:56:45.778401+00:00,3.0571603886783123,3.6311,6.97572,1.75781,0.26207,0.484099,0.151171,1.79e-07,576,7488,3,2729771008,2263661189,466109819,411.633
xor,1024,64,blosc-lz4,none,3,xor__1024__64__blosc-lz4__none,5,False,2026-09-06T00:56:48.584292+00:00,2.8057567682117224,7.70789,2.33428,1.75781,0.843407,0.228054,0.242786,2.41e-07,288,2016,3,2545942528,2534795326,11147202,134.724
rand,256,128,blosc-zstd,none,3,rand__256__128__blosc-zstd__none,5,False,2026-09-06T00:56:50.529051+00:00,1.9446232579648495,1.85068,1.2144,1.75781,1.50537,0.94982,0.170299,1.8e-07,576,7488,3,2729771008,2263661189,466109819,881.224
xor,1024,512,blosc-zstd,byte,3,xor__1024__512__blosc-zstd__byte,5,False,2026-09-06T00:56:53.522141+00:00,2.9929566085338593,3.36031,15.79,1.75781,0.124683,0.52311,0.225766,1.82e-07,288,2016,3,4336189440,3868126725,468062715,438.786
rand,1024,64,blosc-lz4,none,3,rand__1024__64__blosc-lz4__none,5,False,2026-09-06T00:56:55.185046+00:00,1.6627682317048311,3.07091,1.11924,1.75781,1.759,0.572407,0.226702,2.74e-07,288,2016,3,2545942528,2534795326,11147202,477.992
xor,1024,128,blosc-zstd,bit,3,xor__1024__128__blosc-zstd__bit,5,False,2026-09-06T00:56:58.054079+00:00,2.868899157270789,4.54013,136.859,1.75781,0.0143852,0.387173,0.228943,2.51e-07,288,2016,3,4336189440,3868213125,467976315,305.227
rand,256,8,blosc-zstd,bit,3,rand__256__8__blosc-zstd__bit,5,False,2026-09-06T00:56:59.945432+00:00,1.8912158068269491,1.92094,1.37894,1.75781,1.32575,0.915077,0.154255,2.8e-07,576,7488,3,2538930176,2074935173,463995003,847.969
xor,1024,512,blosc-lz4,byte,3,xor__1024__512__blosc-lz4__byte,5,False,2026-09-06T00:57:02.872133+00:00,2.926568940281868,4.70759,4.6285,1.75781,0.425354,0.3734,0.240215,3.01e-07,288,2016,3,2715811840,2704475710,11336130,287.361
rand,1024,64,blosc-zstd,none,3,rand__1024__64__blosc-zstd__none,5,False,2026-09-06T00:57:04.948006+00:00,2.075737927109003,1.67406,1.30812,1.75781,1.50503,1.05003,0.243735,1.5e-07,288,2016,3,4034199552,3566329221,467870331,962.804
xor,256,0,lz4,none,1,xor__256__0__lz4__none,5,False,2026-09-06T00:57:08.071176+00:00,3.1230311319231987,3.08249,2.17063,1.75781,0.842209,0.570256,0.156158,1.44e-07,576,7488,3,1203765248,1195703358,8061890,498.031
rand,1024,8,blosc-lz4,bit,3,rand__1024__8__blosc-lz4__bit,5,False,2026-09-06T00:57:09.158335+00:00,1.0870294999331236,10.1153,1.47931,1.75781,1.33086,0.173777,0.25543,1.57e-07,288,2016,3,3904897024,3895298110,9598914,87.9401
xor,256,16,blosc-lz4,byte,3,xor__256__16__blosc-lz4__byte,5,False,2026-09-06T00:57:11.876373+00:00,2.7179050613194704,10.8211,3.63556,1.75781,0.502846,0.162442,0.149177,3.95e-07,576,7488,3,1790967808,1779486270,11481538,71.814
rand,256,256,blosc-zstd,byte,3,rand__256__256__blosc-zstd__byte,5,False,2026-09-06T00:57:13.472737+00:00,1.5962326992303133,2.34343,1.34241,1.75781,1.36182,0.750101,0.171988,1.57e-07,576,7488,3,2880765952,2414627333,466138619,684.085
rand,1024,16,blosc-zstd,bit,3,rand__1024__16__blosc-zstd__bit,5,False,2026-09-06T00:57:15.489305+00:00,2.0164283458143473,1.93003,1.48904,1.75781,1.32216,0.910768,0.226487,3.08e-07,288,2016,3,4044685312,3577084293,467601019,817.271
xor,1024,128,blosc-zstd,none,3,xor__1024__128__blosc-zstd__none,5,False,2026-09-06T00:57:18.870877+00:00,3.3814321234822273,2.35187,7.1221,1.75781,0.276428,0.747412,0.301087,2.11e-07,288,2016,3,4034199552,3566223237,467976315,660.491
rand,256,4,blosc-lz4,bit,3,rand__256__4__blosc-lz4__bit,5,False,2026-09-06T00:57:19.861494+00:00,0.9904818776994944,11.5651,1.37021,1.75781,1.33419,0.151992,0.159882,3.75e-07,576,7488,3,2696937472,2686783038,10154434,60.4843
rand,256,32,blosc-zstd,bit,3,rand__256__32__blosc-zstd__bit,5,False,2026-09-06T00:57:21.676251+00:00,1.8146256767213345,2.19811,1.38407,1.75781,1.32083,0.799694,0.150853,1.42e-07,576,7488,3,2685730816,2219598725,466132091,733.313
xor,1024,16,blosc-zstd,byte,3,xor__1024__16__blosc-zstd__byte,5,False,2026-09-06T00:57:24.983977+00:00,3.3075992688536644,2.88418,7.91874,1.75781,0.248619,0.609468,0.229712,1.56e-07,288,2016,3,4044685312,3577084293,467601019,524.516
xor,256,16,blosc-lz4,bit,3,xor__256__16__blosc-lz4__bit,5,False,2026-09-06T00:57:27.540904+00:00,2.5567858647555113,10.3788,2.40546,1.75781,0.759991,0.169366,0.188022,1.5e-07,576,7488,3,1790967808,1779486270,11481538,84.4465
xor,256,8,blosc-lz4,none,3,xor__256__8__blosc-lz4__none,5,False,2026-09-06T00:57:30.249233+00:00,2.708195611834526,9.54588,1.91453,1.75781,0.954868,0.184143,0.178038,2.62e-07,576,7488,3,1941962752,1930923582,11039170,106.881
xor,1024,128,blosc-zstd,byte,3,xor__1024__128__blosc-zstd__byte,5,False,2026-09-06T00:57:33.420467+00:00,3.171101089566946,3.05289,14.2967,1.75781,0.137707,0.575787,0.220621,1.76e-07,288,2016,3,4336189440,3868213125,467976315,491.777
xor,1024,512,blosc-lz4,bit,3,xor__1024__512__blosc-lz4__bit,5,False,2026-09-06T00:57:36.192307+00:00,2.7717019729316235,7.87295,21.6583,1.75781,0.0909004,0.223273,0.231645,2.06e-07,288,2016,3,2715811840,2704475710,11336130,138.965
rand,1024,8,blosc-zstd,bit,3,rand__1024__8__blosc-zstd__bit,5,False,2026-09-06T00:57:38.202454+00:00,2.010014183819294,2.12238,1.48508,1.75781,1.32568,0.828227,0.220548,1.94e-07,288,2016,3,3996450816,3530770821,465679995,741.989
rand,1024,512,blosc-lz4,bit,3,rand__1024__512__blosc-lz4__bit,5,False,2026-09-06T00:57:39.525592+00:00,1.3230018615722656,5.46612,1.48431,1.75781,1.32637,0.321583,0.24602,1.5e-07,288,2016,3,2715811840,2704475710,11336130,234.768
xor,256,16,blosc-zstd,bit,3,xor__256__16__blosc-zstd__bit,5,False,2026-09-06T00:57:42.303084+00:00,2.7773597221821547,4.74325,73.1094,1.75781,0.0250053,0.370592,0.152602,2.41e-07,576,7488,3,2587164672,2122520453,464644219,276.683
rand,1024,32,blosc-zstd,bit,3,rand__1024__32__blosc-zstd__bit,5,False,2026-09-06T00:57:44.325184+00:00,2.021970506757498,1.91568,1.49085,1.75781,1.32056,0.917593,0.219848,3.05e-07,288,2016,3,4141154304,3673526661,467627643,821.133
rand,1024,4,blosc-lz4,byte,3,rand__1024__4__blosc-lz4__byte,5,False,2026-09-06T00:57:45.460521+00:00,1.1351975910365582,10.0369,1.1186,1.75781,1.76001,0.175135,0.219525,4.47e-07,288,2016,3,5114953728,5105027134,9926594,78.862
rand,1024,4,blosc-lz4,bit,3,rand__1024__4__blosc-lz4__bit,5,False,2026-09-06T00:57:46.609514+00:00,1.1488588564097881,11.1761,1.47469,1.75781,1.33502,0.157283,0.222573,1.46e-07,288,2016,3,5114953728,5105027134,9926594,62.6904
rand,256,256,blosc-zstd,none,3,rand__256__256__blosc-zstd__none,5,False,2026-09-06T00:57:48.094551+00:00,1.484904082491994,2.80063,1.21446,1.75781,1.5053,0.627649,0.171185,1.56e-07,576,7488,3,2729771008,2263632389,466138619,558.84
xor,256,32,blosc-lz4,byte,3,xor__256__32__blosc-lz4__byte,5,False,2026-09-06T00:57:50.665570+00:00,2.5708879977464676,10.7242,3.92315,1.75781,0.465984,0.163911,0.211403,1.94e-07,576,7488,3,1639972864,1628270142,11702722,83.6061
xor,1024,64,blosc-lz4,byte,3,xor__1024__64__blosc-lz4__byte,5,False,2026-09-06T00:57:53.400072+00:00,2.734368674457073,9.68214,4.2538,1.75781,0.462822,0.181552,0.239185,3.32e-07,288,2016,3,2847932416,2836785214,11147202,94.7055
rand,1024,128,blosc-zstd,none,3,rand__1024__128__blosc-zstd__none,5,False,2026-09-06T00:57:55.634462+00:00,2.234251443296671,1.59131,1.30815,1.75781,1.50499,1.10463,0.22506,3.97e-07,288,2016,3,4034199552,3566223237,467976315,1016.89
rand,256,256,blosc-lz4,byte,3,rand__256__256__blosc-lz4__byte,5,False,2026-09-06T00:57:57.000732+00:00,1.3661336619406939,3.62877,1.10139,1.75781,1.65984,0.48441,0.150457,1.54e-07,576,7488,3,1507852288,1495956030,11896258,415
xor,256,8,blosc-zstd,bit,3,xor__256__8__blosc-zstd__bit,5,False,2026-09-06T00:58:00.008728+00:00,3.0078594628721476,6.59668,45.563,1.75781,0.040123,0.266469,0.14599,1.51e-07,576,7488,3,2538930176,2074935173,463995003,194.065
xor,1024,512,blosc-zstd,none,3,xor__1024__512__blosc-zstd__none,5,False,2026-09-06T00:58:03.280412+00:00,3.2715456020087004,2.62268,7.65153,1.75781,0.257301,0.670234,0.220727,3.25e-07,288,2016,3,4034199552,3566136837,468062715,585.4
rand,1024,128,blosc-zstd,byte,3,rand__1024__128__blosc-zstd__byte,5,False,2026-09-06T00:58:05.397831+00:00,2.117284519597888,1.53386,1.45104,1.75781,1.35679,1.14601,0.248869,1.94e-07,288,2016,3,4336189440,3868213125,467976315,1059.7
xor,256,256,blosc-zstd,bit,3,xor__256__256__blosc-zstd__bit,5,False,2026-09-06T00:58:08.279780+00:00,2.881807193160057,5.57015,138.707,1.75781,0.0131798,0.315577,0.152668,3.32e-07,576,7488,3,2880765952,2414627333,466138619,247.719
xor,1024,8,blosc-zstd,byte,3,xor__1024__8__blosc-zstd__byte,5,False,2026-09-06T00:58:11.493529+00:00,3.2136208917945623,2.47914,5.34881,1.75781,0.368073,0.70904,0.224197,1.84e-07,288,2016,3,3996450816,3530770821,465679995,623.097
xor,256,128,blosc-zstd,byte,3,xor__256__128__blosc-zstd__byte,5,False,2026-09-06T00:58:14.721301+00:00,3.2276390492916107,4.98032,15.1082,1.75781,0.121002,0.352952,0.17622,1.95e-07,576,7488,3,2880765952,2414656133,466109819,282.476
xor,1024,64,blosc-zstd,none,3,xor__1024__64__blosc-zstd__none,5,False,2026-09-06T00:58:18.103709+00:00,3.382278010249138,2.0757,6.56168,1.75781,0.300037,0.846852,0.231749,1.76e-07,288,2016,3,4034199552,3566329221,467870331,757.828
rand,256,64,blosc-lz4,none,3,rand__256__64__blosc-lz4__none,5,False,2026-09-06T00:58:19.313018+00:00,1.209158357232809,4.45259,1.03933,1.75781,1.75894,0.394784,0.154966,1.97e-07,576,7488,3,1413480448,1401667134,11813314,322.82
rand,1024,1024,blosc-zstd,none,3,rand__1024__1024__blosc-zstd__none,5,False,2026-09-06T00:58:20.938183+00:00,1.625032575801015,2.68472,1.30829,1.75781,1.50483,0.654746,0.223056,1.64e-07,288,2016,3,4034199552,3566122437,468077115,563.707
xor,256,256,blosc-lz4,bit,3,xor__256__256__blosc-lz4__bit,5,False,2026-09-06T00:58:23.650164+00:00,2.7118431627750397,7.11463,9.0188,1.75781,0.202702,0.24707,0.157514,3.04e-07,576,7488,3,1507852288,1495956030,11896258,173.528
rand,256,128,blosc-zstd,byte,3,rand__256__128__blosc-zstd__byte,5,False,2026-09-06T00:58:25.563415+00:00,1.9131256006658077,1.73689,1.347,1.75781,1.35718,1.01205,0.152279,4.21e-07,576,7488,3,2880765952,2414656133,466109819,944.225
xor,1024,512,blosc-zstd,bit,3,xor__1024__512__blosc-zstd__bit,5,False,2026-09-06T00:58:28.438291+00:00,2.8747372161597013,4.77253,244.364,1.75781,0.00805664,0.368319,0.231948,2.07e-07,288,2016,3,4336189440,3868126725,468062715,285.162
rand,256,256,blosc-zstd,bit,3,rand__256__256__blosc-zstd__bit,5,False,2026-09-06T00:58:30.051016+00:00,1.612590130418539,2.85942,1.38553,1.75781,1.31944,0.614745,0.1635,3.24e-07,576,7488,3,2880765952,2414627333,466138619,546.125
xor,256,4,blosc-lz4,none,3,xor__256__4__blosc-lz4__none,5,False,2026-09-06T00:58:32.620032+00:00,2.568885440006852,9.78096,1.6735,1.75781,1.0924,0.179718,0.17087,2.11e-07,576,7488,3,2545942528,2535788094,10154434,93.3429
rand,256,256,blosc-lz4,none,3,rand__256__256__blosc-lz4__none,5,False,2026-09-06T00:58:33.766033+00:00,1.1458726357668638,5.6916,1.03917,1.75781,1.75921,0.308843,0.155655,2.51e-07,576,7488,3,1356857344,1344961086,11896258,238.038
rand,1024,0,zstd,none,0,rand__1024__0__zstd__none,5,False,2026-09-06T00:58:35.588265+00:00,1.8220243565738201,2.46766,1.30841,1.75781,1.50469,0.712341,0.223181,1.71e-07,288,2016,3,3730112512,3264159621,465952891,623.129
rand,1024,16,blosc-lz4,bit,3,rand__1024__16__blosc-lz4__bit,5,False,2026-09-06T00:58:36.933714+00:00,1.3453118149191141,4.58936,1.48181,1.75781,1.32861,0.383019,0.231153,3.16e-07,288,2016,3,3300917248,3290433598,10483650,297.605
rand,1024,128,blosc-zstd,bit,3,rand__1024__128__blosc-zstd__bit,5,False,2026-09-06T00:58:38.911441+00:00,1.9775742888450623,1.93348,1.49256,1.75781,1.31905,0.909143,0.223972,2.93e-07,288,2016,3,4336189440,3868213125,467976315,824.841
xor,1024,1024,blosc-lz4,bit,3,xor__1024__1024__blosc-lz4__bit,5,False,2026-09-06T00:58:41.638194+00:00,2.7266213186085224,7.87402,131.022,1.75781,0.0150261,0.223242,0.228341,3.2e-07,288,2016,3,2707423232,2695024702,12398530,139.235
rand,256,64,blosc-zstd,none,3,rand__256__64__blosc-zstd__none,5,False,2026-09-06T00:58:43.763076+00:00,2.1247439943253994,1.58092,1.2143,1.75781,1.5055,1.11189,0.158712,1.58e-07,576,7488,3,2729771008,2263714181,466056827,1041.43
xor,1024,4,blosc-zstd,none,3,xor__1024__4__blosc-zstd__none,5,False,2026-09-06T00:58:47.312096+00:00,3.548883344978094,1.70542,3.33253,1.75781,0.590767,1.03072,0.22848,3.09e-07,288,2016,3,3675586560,3209439621,466146939,930.217
rand,1024,1024,blosc-lz4,byte,3,rand__1024__1024__blosc-lz4__byte,5,False,2026-09-06T00:58:49.057018+00:00,1.7447992134839296,2.08335,1.19395,1.75781,1.64893,0.843742,0.223937,1.97e-07,288,2016,3,2707423232,2695024702,12398530,753.427
xor,256,4,blosc-lz4,byte,3,xor__256__4__blosc-lz4__byte,5,False,2026-09-06T00:58:51.619478+00:00,2.562334043905139,10.3581,2.77142,1.75781,0.659634,0.169703,0.166497,3.02e-07,576,7488,3,2696937472,2686783038,10154434,59.7349
xor,1024,128,blosc-lz4,none,3,xor__1024__128__blosc-lz4__none,5,False,2026-09-06T00:58:54.427119+00:00,2.8075041230767965,7.28937,2.51361,1.75781,0.783237,0.241147,0.244439,1.63e-07,288,2016,3,2470445056,2459187262,11257794,149.101
xor,1024,32,blosc-zstd,byte,3,xor__1024__32__blosc-zstd__byte,5,False,2026-09-06T00:58:57.719049+00:00,3.291796838864684,2.87158,10.571,1.75781,0.186241,0.612141,0.250665,5.65e-07,288,2016,3,4141154304,3673526661,467627643,530.446
xor,256,32,blosc-lz4,bit,3,xor__256__32__blosc-lz4__bit,5,False,2026-09-06T00:59:00.239020+00:00,2.519836276769638,9.93582,2.48679,1.75781,0.735134,0.176917,0.157242,1.6e-07,576,7488,3,1639972864,1628270142,11702722,100.67
xor,1024,32,blosc-lz4,none,3,xor__1024__32__blosc-lz4__none,5,False,2026-09-06T00:59:02.878987+00:00,2.639839557930827,8.46405,2.2495,1.75781,0.875195,0.20768,0.231095,1.62e-07,288,2016,3,2696937472,2686011454,10926018,114.612
